com.samsung.shealth.step_daily_trend,1148009,6
speed,day_time,pkg_name,count,binning_data,source_pkg_name,source_type,calorie,deviceuuid,datauuid,distance,create_time,update_time
2.333333,1714089600000,com.sec.android.app.shealth,9164,24bbb5cb-3f74-4ae1-b1ac-9d3278268a27.binning_data,com.sec.android.app.shealth,23,321.490000,xtfbSOmziO,24bbb5cb-3f74-4ae1-b1ac-9d3278268a27,6858.598000,"04/30/2024, 12:17:49 PM","04/30/2024, 12:17:49 PM",
2.655528,1714176000000,com.sec.android.app.shealth,29141,92ed3543-29bc-4c56-bb59-0e42ae1a9fcd.binning_data,com.sec.android.app.shealth,23,1459.960000,xtfbSOmziO,92ed3543-29bc-4c56-bb59-0e42ae1a9fcd,24145.513000,"04/30/2024, 12:17:49 PM","04/30/2024, 12:17:49 PM",
1.833333,1714262400000,com.sec.android.app.shealth,292,2a7727a8-4eea-43bc-bca1-0fefe80ab9b2.binning_data,com.sec.android.app.shealth,23,11.750000,xtfbSOmziO,2a7727a8-4eea-43bc-bca1-0fefe80ab9b2,209.260000,"04/30/2024, 12:17:49 PM","04/30/2024, 12:17:49 PM",
1.972222,1714348800000,com.sec.android.app.shealth,3725,22192e4b-3670-4b80-bfa1-3bff4614a363.binning_data,com.sec.android.app.shealth,23,130.060000,xtfbSOmziO,22192e4b-3670-4b80-bfa1-3bff4614a363,2798.310000,"04/30/2024, 12:17:49 PM","04/30/2024, 12:17:49 PM",
2.725833,1714435200000,com.sec.android.app.shealth,11192,f71e431f-c02b-4296-8147-7328310151e5.binning_data,com.sec.android.app.shealth,23,626.507693,xtfbSOmziO,f71e431f-c02b-4296-8147-7328310151e5,9759.659000,"04/30/2024, 12:17:50 PM","04/30/2024, 1:53:45 PM",
1.318823,1714089600000,com.sec.android.app.shealth,9164,4fc31e5c-1016-48f2-a090-b27ba65cafb9.binning_data,com.sec.android.app.shealth,-2,321.490000,VfS0qUERdZ,4fc31e5c-1016-48f2-a090-b27ba65cafb9,6858.598000,"04/30/2024, 12:17:50 PM","04/30/2024, 12:17:50 PM",
1.742075,1714176000000,com.sec.android.app.shealth,29141,0a4a6d46-88b8-45e0-b2f7-e9e9e35e8ab6.binning_data,com.sec.android.app.shealth,-2,1459.960000,VfS0qUERdZ,0a4a6d46-88b8-45e0-b2f7-e9e9e35e8ab6,24145.513000,"04/30/2024, 12:17:50 PM","04/30/2024, 12:17:50 PM",
1.445459,1714262400000,com.sec.android.app.shealth,292,1702b2e2-c256-4b7d-b43c-a0b3cb0a8a7b.binning_data,com.sec.android.app.shealth,-2,11.750000,VfS0qUERdZ,1702b2e2-c256-4b7d-b43c-a0b3cb0a8a7b,209.260000,"04/30/2024, 12:17:50 PM","04/30/2024, 12:17:50 PM",
1.340523,1714348800000,com.sec.android.app.shealth,3725,c7247088-95ef-4e50-85b4-27588e191fce.binning_data,com.sec.android.app.shealth,-2,130.060000,VfS0qUERdZ,c7247088-95ef-4e50-85b4-27588e191fce,2798.310000,"04/30/2024, 12:17:50 PM","04/30/2024, 12:17:50 PM",
1.941866,1714435200000,com.sec.android.app.shealth,11531,aa417c09-29a2-4b03-82fe-516b8b221f68.binning_data,com.sec.android.app.shealth,-2,669.340277,VfS0qUERdZ,aa417c09-29a2-4b03-82fe-516b8b221f68,10446.311462,"04/30/2024, 12:17:50 PM","04/30/2024, 9:44:40 PM",
3.827837,1714435200000,com.sec.android.app.shealth,7097,c103586a-946f-425d-b213-b9630f77a232.binning_data,com.sec.android.app.shealth,0,548.098163,HuT3voPSBy,c103586a-946f-425d-b213-b9630f77a232,8923.819234,"04/30/2024, 9:44:45 PM","04/30/2024, 9:44:45 PM",
1.113023,1714521600000,com.sec.android.app.shealth,9155,5f14a53a-e00f-4935-bdce-1c177ae077dd.binning_data,com.sec.android.app.shealth,-2,338.699333,VfS0qUERdZ,5f14a53a-e00f-4935-bdce-1c177ae077dd,6855.798026,"05/01/2024, 2:03:27 AM","05/01/2024, 9:44:30 PM",
2.638889,1714521600000,com.sec.android.app.shealth,7229,6b280796-3908-462b-aed7-7cf090cdddf9.binning_data,com.sec.android.app.shealth,23,255.250122,xtfbSOmziO,6b280796-3908-462b-aed7-7cf090cdddf9,5429.173271,"05/01/2024, 2:09:06 AM","05/01/2024, 2:43:57 PM",
1.805017,1714521600000,com.sec.android.app.shealth,5015,91ddb810-2866-476a-8446-b3efe31537ee.binning_data,com.sec.android.app.shealth,0,210.288355,HuT3voPSBy,91ddb810-2866-476a-8446-b3efe31537ee,3747.150834,"05/01/2024, 2:34:51 AM","05/01/2024, 9:44:35 PM",
1.112113,1714608000000,com.sec.android.app.shealth,8724,3a7152a5-1616-4813-8dbe-0de9f46a0bfc.binning_data,com.sec.android.app.shealth,-2,323.932050,VfS0qUERdZ,3a7152a5-1616-4813-8dbe-0de9f46a0bfc,6584.296252,"05/02/2024, 2:03:23 AM","05/03/2024, 10:20:20 AM",
2.250000,1714608000000,com.sec.android.app.shealth,5765,562968de-2b60-478f-9119-6c224c5611d6.binning_data,com.sec.android.app.shealth,23,201.967648,xtfbSOmziO,562968de-2b60-478f-9119-6c224c5611d6,4322.346000,"05/02/2024, 2:08:46 AM","05/03/2024, 10:20:19 AM",
1.772503,1714608000000,com.sec.android.app.shealth,4905,b6bfe56f-9879-4589-9828-75c066176b7f.binning_data,com.sec.android.app.shealth,0,197.147499,HuT3voPSBy,b6bfe56f-9879-4589-9828-75c066176b7f,3728.757174,"05/02/2024, 2:35:08 AM","05/02/2024, 11:52:32 PM",
1.064411,1714694400000,com.sec.android.app.shealth,9929,e4bba7eb-6718-4043-8f30-01d24879c9cc.binning_data,com.sec.android.app.shealth,-2,370.487313,VfS0qUERdZ,e4bba7eb-6718-4043-8f30-01d24879c9cc,7437.424648,"05/03/2024, 3:45:03 AM","05/04/2024, 4:10:44 AM",
1.847197,1714694400000,com.sec.android.app.shealth,6264,b9b94830-93a6-4804-9408-de1c47291e65.binning_data,com.sec.android.app.shealth,0,249.484615,HuT3voPSBy,b9b94830-93a6-4804-9408-de1c47291e65,4685.452812,"05/03/2024, 3:45:03 AM","05/04/2024, 4:10:49 AM",
2.299869,1714694400000,com.sec.android.app.shealth,6348,884832cf-bc1d-419f-b015-86514c6962af.binning_data,com.sec.android.app.shealth,23,221.802683,xtfbSOmziO,884832cf-bc1d-419f-b015-86514c6962af,4756.134992,"05/03/2024, 10:20:19 AM","05/03/2024, 5:11:37 PM",
1.659617,1714780800000,com.sec.android.app.shealth,29872,077a1bf0-de8a-49cb-9877-27a0b87793f5.binning_data,com.sec.android.app.shealth,-2,1574.527642,VfS0qUERdZ,077a1bf0-de8a-49cb-9877-27a0b87793f5,25476.116354,"05/04/2024, 4:10:44 AM","05/05/2024, 6:51:44 AM",
2.962436,1714780800000,com.sec.android.app.shealth,25084,ab80ba2a-6521-481d-aac8-ac14b919a3c9.binning_data,com.sec.android.app.shealth,0,1259.309358,HuT3voPSBy,ab80ba2a-6521-481d-aac8-ac14b919a3c9,22847.348280,"05/04/2024, 4:10:49 AM","05/05/2024, 6:48:00 AM",
3.222222,1714780800000,com.sec.android.app.shealth,27588,1540420e-909c-46bc-bbb9-593bc0e05fbd.binning_data,com.sec.android.app.shealth,23,1459.960000,xtfbSOmziO,1540420e-909c-46bc-bbb9-593bc0e05fbd,23519.369000,"05/04/2024, 7:23:55 AM","05/05/2024, 6:51:44 AM",
1.277441,1714867200000,com.sec.android.app.shealth,11963,383bc244-70fa-406c-ae9c-cd3fefda5e07.binning_data,com.sec.android.app.shealth,-2,426.904193,VfS0qUERdZ,383bc244-70fa-406c-ae9c-cd3fefda5e07,9015.641943,"05/05/2024, 6:47:58 AM","05/05/2024, 7:24:09 PM",
1.774453,1714867200000,com.sec.android.app.shealth,2806,23e66e1a-8774-4f58-95f5-01b54901c3ab.binning_data,com.sec.android.app.shealth,0,111.563141,HuT3voPSBy,23e66e1a-8774-4f58-95f5-01b54901c3ab,2102.413856,"05/05/2024, 6:48:00 AM","05/05/2024, 9:43:02 PM",
2.527777,1714867200000,com.sec.android.app.shealth,11464,ad1f115e-424b-4533-8fcd-bf9d6f7c05be.binning_data,com.sec.android.app.shealth,23,400.677500,xtfbSOmziO,ad1f115e-424b-4533-8fcd-bf9d6f7c05be,8635.037000,"05/05/2024, 6:51:44 AM","05/05/2024, 1:35:14 PM",
1.200377,1714953600000,com.sec.android.app.shealth,13294,a50a89dc-2743-4a41-8646-528ab6c24efb.binning_data,com.sec.android.app.shealth,-2,491.485245,VfS0qUERdZ,a50a89dc-2743-4a41-8646-528ab6c24efb,10134.686999,"05/06/2024, 2:08:09 AM","05/07/2024, 8:29:21 AM",
1.861008,1714953600000,com.sec.android.app.shealth,7023,fac4a943-9ba6-48ad-85e5-764641330eb9.binning_data,com.sec.android.app.shealth,0,281.195542,HuT3voPSBy,fac4a943-9ba6-48ad-85e5-764641330eb9,5455.951139,"05/06/2024, 6:43:55 AM","05/07/2024, 2:12:23 AM",
2.297193,1714953600000,com.sec.android.app.shealth,9008,d63ceac1-aaa8-47df-b97e-92a97144083b.binning_data,com.sec.android.app.shealth,23,319.941000,xtfbSOmziO,d63ceac1-aaa8-47df-b97e-92a97144083b,6797.128000,"05/06/2024, 6:45:27 AM","05/07/2024, 8:29:21 AM",
1.187397,1715040000000,com.sec.android.app.shealth,20632,a94f3f18-07d3-4949-9a03-6b3b6f12a313.binning_data,com.sec.android.app.shealth,-2,735.445799,VfS0qUERdZ,a94f3f18-07d3-4949-9a03-6b3b6f12a313,15255.981214,"05/07/2024, 2:12:19 AM","05/08/2024, 12:43:00 AM",
1.770539,1715040000000,com.sec.android.app.shealth,12873,d8578db7-750c-4c82-8e74-89a9e5dc76f2.binning_data,com.sec.android.app.shealth,0,491.690331,HuT3voPSBy,d8578db7-750c-4c82-8e74-89a9e5dc76f2,9581.472894,"05/07/2024, 2:12:23 AM","05/08/2024, 12:43:01 AM",
2.777778,1715040000000,com.sec.android.app.shealth,17802,698a4a59-321a-4354-ad1e-a4c49fdde2e4.binning_data,com.sec.android.app.shealth,23,624.492771,xtfbSOmziO,698a4a59-321a-4354-ad1e-a4c49fdde2e4,13248.501000,"05/07/2024, 8:29:21 AM","05/07/2024, 6:12:30 PM",
1.152673,1715126400000,com.sec.android.app.shealth,7217,79d6bdb8-3a5d-4660-af91-93b8e304ebf7.binning_data,com.sec.android.app.shealth,-2,262.280023,VfS0qUERdZ,79d6bdb8-3a5d-4660-af91-93b8e304ebf7,5385.711121,"05/08/2024, 3:43:14 AM","05/09/2024, 3:16:48 PM",
2.152212,1715126400000,com.sec.android.app.shealth,3689,cdc278b5-4df6-489c-9efa-452d3e80d27f.binning_data,com.sec.android.app.shealth,0,140.196262,HuT3voPSBy,cdc278b5-4df6-489c-9efa-452d3e80d27f,2715.000001,"05/08/2024, 6:43:54 AM","05/08/2024, 3:44:01 PM",
3.000000,1715126400000,com.sec.android.app.shealth,4486,006447b2-041d-44e3-8b7c-b26e8a91aa47.binning_data,com.sec.android.app.shealth,23,157.830000,xtfbSOmziO,006447b2-041d-44e3-8b7c-b26e8a91aa47,3384.579000,"05/08/2024, 6:44:59 AM","05/09/2024, 3:16:48 PM",
1.396275,1715212800000,com.sec.android.app.shealth,12393,e0e70027-7766-43a0-a5e0-ee4e7b6091e3.binning_data,com.sec.android.app.shealth,-2,594.066502,VfS0qUERdZ,e0e70027-7766-43a0-a5e0-ee4e7b6091e3,10302.887634,"05/09/2024, 6:43:22 AM","05/09/2024, 8:16:25 PM",
3.870504,1715212800000,com.sec.android.app.shealth,10026,f6b16dee-feef-4fd6-b3f9-859c18346a7e.binning_data,com.sec.android.app.shealth,0,530.568166,HuT3voPSBy,f6b16dee-feef-4fd6-b3f9-859c18346a7e,9207.477752,"05/09/2024, 9:30:35 AM","05/09/2024, 8:16:25 PM",
2.694961,1715212800000,com.sec.android.app.shealth,8616,5bc87c23-172f-41fd-b1ce-b1f40ab57997.binning_data,com.sec.android.app.shealth,23,421.222936,xtfbSOmziO,5bc87c23-172f-41fd-b1ce-b1f40ab57997,7168.211000,"05/09/2024, 3:16:48 PM","05/09/2024, 5:25:23 PM",
0.972366,1715299200000,com.sec.android.app.shealth,8722,b4fcd9d1-7bef-41f0-a205-4ac4c7206532.binning_data,com.sec.android.app.shealth,-2,325.423238,VfS0qUERdZ,b4fcd9d1-7bef-41f0-a205-4ac4c7206532,6312.799590,"05/10/2024, 1:43:28 AM","05/10/2024, 9:42:47 PM",
1.814000,1715299200000,com.sec.android.app.shealth,4813,77d8b863-5d48-4b38-b247-faf22732b171.binning_data,com.sec.android.app.shealth,0,191.986761,HuT3voPSBy,77d8b863-5d48-4b38-b247-faf22732b171,3304.904000,"05/10/2024, 2:39:44 AM","05/10/2024, 9:42:52 PM",
2.138889,1715299200000,com.sec.android.app.shealth,5465,ce523b4f-787e-4197-b741-e0579f63dce0.binning_data,com.sec.android.app.shealth,23,191.220000,xtfbSOmziO,ce523b4f-787e-4197-b741-e0579f63dce0,4093.202000,"05/10/2024, 2:52:23 AM","05/10/2024, 6:45:53 AM",
0.912730,1715385600000,com.sec.android.app.shealth,16380,3339b21d-e3a8-431c-af2c-51c776de130b.binning_data,com.sec.android.app.shealth,-2,610.649939,VfS0qUERdZ,3339b21d-e3a8-431c-af2c-51c776de130b,11606.319928,"05/10/2024, 9:42:47 PM","05/11/2024, 9:44:55 PM",
1.968714,1715385600000,com.sec.android.app.shealth,16380,85f368d9-0046-4314-844b-5448014dfbee.binning_data,com.sec.android.app.shealth,0,610.649939,HuT3voPSBy,85f368d9-0046-4314-844b-5448014dfbee,11606.319928,"05/10/2024, 9:42:52 PM","05/11/2024, 9:45:00 PM",
0.686636,1715472000000,com.sec.android.app.shealth,3267,8a0de51d-747f-448a-b571-e150971b3d91.binning_data,com.sec.android.app.shealth,-2,128.496420,VfS0qUERdZ,8a0de51d-747f-448a-b571-e150971b3d91,2175.616326,"05/11/2024, 9:44:55 PM","05/13/2024, 5:15:55 AM",
1.518764,1715472000000,com.sec.android.app.shealth,3267,39b58e38-0894-4668-adce-b73a97dfcaac.binning_data,com.sec.android.app.shealth,0,128.496420,HuT3voPSBy,39b58e38-0894-4668-adce-b73a97dfcaac,2175.616326,"05/11/2024, 9:45:00 PM","05/13/2024, 5:15:53 AM",
1.566906,1715558400000,com.sec.android.app.shealth,11215,4ad54973-c0ba-488a-b5a8-cb879078c76a.binning_data,com.sec.android.app.shealth,-2,677.406137,VfS0qUERdZ,4ad54973-c0ba-488a-b5a8-cb879078c76a,10927.559755,"05/13/2024, 5:15:53 AM","05/14/2024, 12:26:59 AM",
3.700133,1715558400000,com.sec.android.app.shealth,11215,8e3710fd-4e58-4e85-9f59-83f425053a32.binning_data,com.sec.android.app.shealth,0,677.406137,HuT3voPSBy,8e3710fd-4e58-4e85-9f59-83f425053a32,10927.559755,"05/13/2024, 5:15:53 AM","05/14/2024, 12:27:05 AM",
0.728327,1715644800000,com.sec.android.app.shealth,4224,f535a210-ac1d-44ce-b221-9a1170a61d73.binning_data,com.sec.android.app.shealth,-2,168.698554,VfS0qUERdZ,f535a210-ac1d-44ce-b221-9a1170a61d73,2935.119748,"05/14/2024, 3:41:44 AM","05/16/2024, 9:39:54 AM",
1.584325,1715644800000,com.sec.android.app.shealth,4224,389c395c-3af0-4f40-861e-165ff30910f8.binning_data,com.sec.android.app.shealth,0,168.698554,HuT3voPSBy,389c395c-3af0-4f40-861e-165ff30910f8,2935.119748,"05/14/2024, 6:42:22 AM","05/16/2024, 9:39:53 AM",
0.987448,1715817600000,com.sec.android.app.shealth,6692,7a0a65a2-03c0-4f7c-a5f5-f3a3e0f2f2a0.binning_data,com.sec.android.app.shealth,-2,245.511179,VfS0qUERdZ,7a0a65a2-03c0-4f7c-a5f5-f3a3e0f2f2a0,4771.814195,"05/16/2024, 9:39:53 AM","05/17/2024, 4:22:27 AM",
3.773656,1715731200000,com.sec.android.app.shealth,7199,6ec44a87-1285-42f8-b1f1-5adc1039d456.binning_data,com.sec.android.app.shealth,0,426.995963,HuT3voPSBy,6ec44a87-1285-42f8-b1f1-5adc1039d456,7037.398841,"05/16/2024, 9:39:53 AM","05/16/2024, 9:39:53 AM",
1.520665,1715817600000,com.sec.android.app.shealth,4503,09c78129-e7f6-4f22-a963-8da24ef700b4.binning_data,com.sec.android.app.shealth,0,171.615101,HuT3voPSBy,09c78129-e7f6-4f22-a963-8da24ef700b4,3088.788571,"05/16/2024, 9:39:53 AM","05/17/2024, 4:19:35 AM",
1.624340,1715731200000,com.sec.android.app.shealth,7199,c25a2c08-889f-4e9e-8b1d-0c3708633d0b.binning_data,com.sec.android.app.shealth,-2,426.995963,VfS0qUERdZ,c25a2c08-889f-4e9e-8b1d-0c3708633d0b,7037.398841,"05/16/2024, 9:39:54 AM","05/16/2024, 9:39:54 AM",
1.141236,1715904000000,com.sec.android.app.shealth,8550,d43840c2-624d-4214-a48e-bb5a4c4b9cc7.binning_data,com.sec.android.app.shealth,-2,303.615011,VfS0qUERdZ,d43840c2-624d-4214-a48e-bb5a4c4b9cc7,6223.840689,"05/17/2024, 4:19:35 AM","05/18/2024, 11:37:46 AM",
1.579962,1715904000000,com.sec.android.app.shealth,3765,a7bbc85b-a181-4c79-8d6c-bbd49d5e07d3.binning_data,com.sec.android.app.shealth,0,136.305406,HuT3voPSBy,a7bbc85b-a181-4c79-8d6c-bbd49d5e07d3,2591.752102,"05/17/2024, 4:19:36 AM","05/18/2024, 5:39:16 AM",
2.555556,1715817600000,com.sec.android.app.shealth,3951,c1d05a43-6580-4dda-898e-a345703a25e0.binning_data,com.sec.android.app.shealth,23,139.590000,xtfbSOmziO,c1d05a43-6580-4dda-898e-a345703a25e0,2962.039000,"05/17/2024, 4:22:27 AM","05/17/2024, 4:22:27 AM",
2.027778,1715904000000,com.sec.android.app.shealth,6949,24a0453d-1962-4b59-a249-e5a3b7f57506.binning_data,com.sec.android.app.shealth,23,244.229115,xtfbSOmziO,24a0453d-1962-4b59-a249-e5a3b7f57506,5176.476925,"05/17/2024, 4:22:27 AM","05/18/2024, 11:37:46 AM",
1.016037,1715990400000,com.sec.android.app.shealth,5985,f11bd308-133b-4a27-a0ab-5a7e09fee1c8.binning_data,com.sec.android.app.shealth,-2,219.364781,VfS0qUERdZ,f11bd308-133b-4a27-a0ab-5a7e09fee1c8,4324.317664,"05/18/2024, 5:39:16 AM","05/18/2024, 9:51:29 PM",
1.575119,1715990400000,com.sec.android.app.shealth,3112,e2ef5d67-9b5e-46a6-a904-1fa73a5d4272.binning_data,com.sec.android.app.shealth,0,122.285282,HuT3voPSBy,e2ef5d67-9b5e-46a6-a904-1fa73a5d4272,2142.820002,"05/18/2024, 5:39:16 AM","05/18/2024, 9:51:38 PM",
2.250000,1715990400000,com.sec.android.app.shealth,4620,3ee9543e-8c32-447d-b77e-f46439629a64.binning_data,com.sec.android.app.shealth,23,162.131012,xtfbSOmziO,3ee9543e-8c32-447d-b77e-f46439629a64,3441.400000,"05/18/2024, 11:37:46 AM","05/18/2024, 5:15:50 PM",
0.624262,1716076800000,com.sec.android.app.shealth,1238,d384064a-43e0-4781-a3a7-9654abe9a56b.binning_data,com.sec.android.app.shealth,-2,50.519612,VfS0qUERdZ,d384064a-43e0-4781-a3a7-9654abe9a56b,818.499996,"05/19/2024, 7:16:25 AM","08/28/2024, 4:15:24 PM",
1.539791,1716076800000,com.sec.android.app.shealth,1238,76a13f1c-7b5f-4ce9-ac7b-78bd15782621.binning_data,com.sec.android.app.shealth,0,50.519612,HuT3voPSBy,76a13f1c-7b5f-4ce9-ac7b-78bd15782621,818.499996,"05/19/2024, 3:22:43 PM","05/20/2024, 5:21:07 AM",
0.753361,1716163200000,com.sec.android.app.shealth,738,2fa2d8c3-c7f0-4bf1-9be6-d2ef78dca76f.binning_data,com.sec.android.app.shealth,-2,27.304988,VfS0qUERdZ,2fa2d8c3-c7f0-4bf1-9be6-d2ef78dca76f,483.070001,"05/20/2024, 5:21:07 AM","08/28/2024, 4:15:24 PM",
1.394562,1716163200000,com.sec.android.app.shealth,738,08c121ec-58e7-48d3-a930-b4168c168097.binning_data,com.sec.android.app.shealth,0,27.304988,HuT3voPSBy,08c121ec-58e7-48d3-a930-b4168c168097,483.070001,"05/20/2024, 5:21:07 AM","05/20/2024, 5:21:07 AM",
2.027778,1724544000000,com.sec.android.app.shealth,1464,aa4096c0-6000-4bb6-bea9-d4f09bddea47.binning_data,com.sec.android.app.shealth,23,52.750000,xtfbSOmziO,aa4096c0-6000-4bb6-bea9-d4f09bddea47,985.670000,"08/28/2024, 4:15:23 PM","08/28/2024, 4:15:23 PM",
2.527777,1724630400000,com.sec.android.app.shealth,4354,405d9105-4bb4-4880-b42e-d087991dead9.binning_data,com.sec.android.app.shealth,23,151.840000,xtfbSOmziO,405d9105-4bb4-4880-b42e-d087991dead9,3114.431000,"08/28/2024, 4:15:23 PM","08/28/2024, 4:15:23 PM",
1.777778,1724716800000,com.sec.android.app.shealth,4301,d2af22a1-bb80-4f6b-a3ff-ae97f53e16e9.binning_data,com.sec.android.app.shealth,23,141.680000,xtfbSOmziO,d2af22a1-bb80-4f6b-a3ff-ae97f53e16e9,3004.271000,"08/28/2024, 4:15:24 PM","08/28/2024, 4:15:24 PM",
2.000000,1724803200000,com.sec.android.app.shealth,3621,095deb52-1f05-4c90-a1d5-f9e4f9cbd363.binning_data,com.sec.android.app.shealth,23,119.134734,xtfbSOmziO,095deb52-1f05-4c90-a1d5-f9e4f9cbd363,2464.380000,"08/28/2024, 4:15:24 PM","08/28/2024, 9:48:56 PM",
1.130548,1724284800000,com.sec.android.app.shealth,15950,5f223361-3679-41a8-a736-bbaba24f18c5.binning_data,com.sec.android.app.shealth,-2,558.940489,VfS0qUERdZ,5f223361-3679-41a8-a736-bbaba24f18c5,11398.370572,"08/28/2024, 4:15:34 PM","08/28/2024, 9:37:06 PM",
0.801369,1724371200000,com.sec.android.app.shealth,8174,cb228ba1-1404-4d6d-9949-235090997bbc.binning_data,com.sec.android.app.shealth,-2,315.433890,VfS0qUERdZ,cb228ba1-1404-4d6d-9949-235090997bbc,5796.557850,"08/28/2024, 4:15:34 PM","08/29/2024, 4:16:37 PM",
1.491460,1724457600000,com.sec.android.app.shealth,17677,cd1ae219-c759-4985-9d7f-464b913ad31b.binning_data,com.sec.android.app.shealth,-2,817.420872,VfS0qUERdZ,cd1ae219-c759-4985-9d7f-464b913ad31b,15815.852816,"08/28/2024, 4:15:34 PM","08/30/2024, 11:09:23 PM",
1.235852,1724544000000,com.sec.android.app.shealth,14439,59d9a327-534a-45b3-abef-05dfa94c1f2e.binning_data,com.sec.android.app.shealth,-2,494.048493,VfS0qUERdZ,59d9a327-534a-45b3-abef-05dfa94c1f2e,10543.348967,"08/28/2024, 4:15:35 PM","08/28/2024, 4:16:03 PM",
1.134626,1724630400000,com.sec.android.app.shealth,8784,23e84d74-4c12-48aa-8df7-b7687338c09a.binning_data,com.sec.android.app.shealth,-2,323.343032,VfS0qUERdZ,23e84d74-4c12-48aa-8df7-b7687338c09a,6515.984590,"08/28/2024, 4:15:35 PM","08/28/2024, 4:15:35 PM",
0.810594,1724716800000,com.sec.android.app.shealth,9026,f35a9c87-0e63-46bf-a26f-6dc4a530fe46.binning_data,com.sec.android.app.shealth,-2,363.343866,VfS0qUERdZ,f35a9c87-0e63-46bf-a26f-6dc4a530fe46,6589.085499,"08/28/2024, 4:15:35 PM","08/28/2024, 4:15:35 PM",
1.129233,1724803200000,com.sec.android.app.shealth,10366,feb2ab5d-5403-41dd-aa87-6042b3c11142.binning_data,com.sec.android.app.shealth,-2,404.141339,VfS0qUERdZ,feb2ab5d-5403-41dd-aa87-6042b3c11142,8162.098443,"08/28/2024, 4:15:35 PM","08/28/2024, 9:48:56 PM",
1.561960,1724284800000,com.sec.android.app.shealth,4307,9bd6b3e0-e073-4238-9fc5-fe79d2bd4976.binning_data,com.sec.android.app.shealth,0,167.719692,HuT3voPSBy,9bd6b3e0-e073-4238-9fc5-fe79d2bd4976,3161.000531,"08/28/2024, 9:37:04 PM","08/28/2024, 9:37:04 PM",
1.631896,1724371200000,com.sec.android.app.shealth,5626,69ac5213-b880-4de0-886e-1875eaaa4455.binning_data,com.sec.android.app.shealth,0,231.805324,HuT3voPSBy,69ac5213-b880-4de0-886e-1875eaaa4455,4007.492535,"08/28/2024, 9:37:04 PM","08/28/2024, 9:37:04 PM",
3.396403,1724457600000,com.sec.android.app.shealth,17666,794dd5d7-b7ce-4044-bdb3-213a0dc43fc1.binning_data,com.sec.android.app.shealth,0,817.090872,HuT3voPSBy,794dd5d7-b7ce-4044-bdb3-213a0dc43fc1,15808.813816,"08/28/2024, 9:37:05 PM","08/28/2024, 9:37:05 PM",
1.960594,1724544000000,com.sec.android.app.shealth,7284,e69c8b58-6819-4c27-aee5-beee87b1e6e0.binning_data,com.sec.android.app.shealth,0,263.455528,HuT3voPSBy,e69c8b58-6819-4c27-aee5-beee87b1e6e0,5610.277410,"08/28/2024, 9:37:05 PM","08/28/2024, 9:37:05 PM",
2.137520,1724630400000,com.sec.android.app.shealth,7742,9f000049-3334-4719-8929-26c3e3390ff7.binning_data,com.sec.android.app.shealth,0,291.641230,HuT3voPSBy,9f000049-3334-4719-8929-26c3e3390ff7,5862.635321,"08/28/2024, 9:37:05 PM","08/28/2024, 9:37:05 PM",
1.951784,1724716800000,com.sec.android.app.shealth,8297,6f27bb64-9e45-47c9-8e17-89df3adb9fcd.binning_data,com.sec.android.app.shealth,0,356.804083,HuT3voPSBy,6f27bb64-9e45-47c9-8e17-89df3adb9fcd,6219.713717,"08/28/2024, 9:37:05 PM","08/28/2024, 9:37:05 PM",
3.210924,1724803200000,com.sec.android.app.shealth,9473,eccce0be-c726-4a63-9a04-06acd5f5360f.binning_data,com.sec.android.app.shealth,0,382.140320,HuT3voPSBy,eccce0be-c726-4a63-9a04-06acd5f5360f,7546.946659,"08/28/2024, 9:37:06 PM","08/28/2024, 9:37:06 PM",
1.436609,1724889600000,com.sec.android.app.shealth,11977,6651915a-7038-4477-8cfd-07703c0bc88a.binning_data,com.sec.android.app.shealth,-2,588.981862,VfS0qUERdZ,6651915a-7038-4477-8cfd-07703c0bc88a,10851.779157,"08/29/2024, 6:34:25 AM","08/30/2024, 8:15:04 AM",
3.374713,1724889600000,com.sec.android.app.shealth,11977,a30027b8-59aa-4e97-92df-65dfc8e7704f.binning_data,com.sec.android.app.shealth,0,588.981862,HuT3voPSBy,a30027b8-59aa-4e97-92df-65dfc8e7704f,10851.779157,"08/29/2024, 6:34:27 AM","08/30/2024, 8:15:08 AM",
1.006536,1724976000000,com.sec.android.app.shealth,11777,f19351ad-5630-4a5a-8702-1dd079c3e7b4.binning_data,com.sec.android.app.shealth,-2,434.345949,VfS0qUERdZ,f19351ad-5630-4a5a-8702-1dd079c3e7b4,8530.805449,"08/30/2024, 8:15:04 AM","08/30/2024, 11:09:02 PM",
1.854479,1724976000000,com.sec.android.app.shealth,9563,7c87cfd8-89bf-4cc7-89af-df1d2acdd68e.binning_data,com.sec.android.app.shealth,0,372.626643,HuT3voPSBy,7c87cfd8-89bf-4cc7-89af-df1d2acdd68e,6916.772600,"08/30/2024, 8:15:08 AM","08/30/2024, 11:09:02 PM",
1.161116,1724889600000,com.sec.android.app.shealth,15,b9bc18fe-01fe-4c27-ac7a-a7b975331140.binning_data,com.sec.android.app.shealth,23,0.560000,xtfbSOmziO,b9bc18fe-01fe-4c27-ac7a-a7b975331140,10.160000,"08/30/2024, 8:16:24 AM","08/30/2024, 8:16:24 AM",
3.090340,1724976000000,com.sec.android.app.shealth,6435,ae6eb237-d3df-4888-9488-301403909c58.binning_data,com.sec.android.app.shealth,23,218.563338,xtfbSOmziO,ae6eb237-d3df-4888-9488-301403909c58,4465.433999,"08/30/2024, 8:16:24 AM","08/30/2024, 6:41:07 PM",
1.282153,1725062400000,com.sec.android.app.shealth,6251,126b11b7-32bf-400e-9c01-865af97a12b9.binning_data,com.sec.android.app.shealth,-2,228.695980,VfS0qUERdZ,126b11b7-32bf-400e-9c01-865af97a12b9,4833.701586,"08/31/2024, 8:26:49 AM","09/01/2024, 12:22:10 AM",
1.859497,1725062400000,com.sec.android.app.shealth,5386,8bec4b5e-5749-4761-964c-ef989bff390f.binning_data,com.sec.android.app.shealth,0,215.432710,HuT3voPSBy,8bec4b5e-5749-4761-964c-ef989bff390f,4601.607639,"08/31/2024, 8:26:49 AM","09/01/2024, 12:22:13 AM",
2.055296,1725062400000,com.sec.android.app.shealth,5005,40d2aaf4-5cb9-43ce-904c-235a7300579c.binning_data,com.sec.android.app.shealth,23,172.650931,xtfbSOmziO,40d2aaf4-5cb9-43ce-904c-235a7300579c,3512.991000,"08/31/2024, 8:32:22 AM","08/31/2024, 10:35:46 AM",
1.230167,1725148800000,com.sec.android.app.shealth,11738,399e2b12-45bc-419a-86a9-f9e8f450dcb0.binning_data,com.sec.android.app.shealth,-2,468.181603,VfS0qUERdZ,399e2b12-45bc-419a-86a9-f9e8f450dcb0,8503.225532,"09/01/2024, 6:42:21 AM","09/01/2024, 11:27:26 PM",
1.739606,1725148800000,com.sec.android.app.shealth,11431,d588b72a-f76c-44bb-836d-e047fbfe4f6a.binning_data,com.sec.android.app.shealth,0,421.709116,HuT3voPSBy,d588b72a-f76c-44bb-836d-e047fbfe4f6a,8914.832577,"09/01/2024, 6:42:21 AM","09/01/2024, 11:27:26 PM",
1.944444,1725148800000,com.sec.android.app.shealth,8426,7205b235-e6b6-4c95-ae6d-a7c91d918f7c.binning_data,com.sec.android.app.shealth,23,368.790000,xtfbSOmziO,7205b235-e6b6-4c95-ae6d-a7c91d918f7c,4637.460000,"09/01/2024, 11:33:02 AM","09/01/2024, 2:15:01 PM",
1.979524,1725235200000,com.sec.android.app.shealth,10949,22dd8bc4-076d-488f-975c-4743b45a4e2b.binning_data,com.sec.android.app.shealth,-2,644.525460,VfS0qUERdZ,22dd8bc4-076d-488f-975c-4743b45a4e2b,10131.908433,"09/02/2024, 8:27:35 AM","09/02/2024, 9:30:11 PM",
3.471603,1725235200000,com.sec.android.app.shealth,10519,746309ee-f08a-4a0e-a244-938471e34641.binning_data,com.sec.android.app.shealth,0,614.636751,HuT3voPSBy,746309ee-f08a-4a0e-a244-938471e34641,10944.096784,"09/02/2024, 8:27:35 AM","09/03/2024, 6:42:01 AM",
2.646987,1725235200000,com.sec.android.app.shealth,8255,b3efc0b8-bcf8-4649-9b2b-6028fd452ba6.binning_data,com.sec.android.app.shealth,23,510.599718,xtfbSOmziO,b3efc0b8-bcf8-4649-9b2b-6028fd452ba6,7364.072000,"09/02/2024, 7:21:29 PM","09/02/2024, 8:19:40 PM",
1.180375,1725321600000,com.sec.android.app.shealth,10738,709652f9-934c-4f1d-bc40-fcab97b02aab.binning_data,com.sec.android.app.shealth,-2,380.839072,VfS0qUERdZ,709652f9-934c-4f1d-bc40-fcab97b02aab,7950.894328,"09/03/2024, 7:03:42 AM","09/06/2024, 12:30:57 PM",
1.887187,1725321600000,com.sec.android.app.shealth,3336,ed0fb204-9a00-4545-91fa-e27048398c80.binning_data,com.sec.android.app.shealth,23,112.719526,xtfbSOmziO,ed0fb204-9a00-4545-91fa-e27048398c80,2276.401143,"09/03/2024, 7:03:42 AM","09/03/2024, 2:50:03 PM",
1.708235,1725321600000,com.sec.android.app.shealth,9488,67d3cbbd-18f1-4f9d-920b-a5b0857ca8b7.binning_data,com.sec.android.app.shealth,0,344.955811,HuT3voPSBy,67d3cbbd-18f1-4f9d-920b-a5b0857ca8b7,7167.683905,"09/03/2024, 9:18:55 AM","09/06/2024, 12:30:55 PM",
1.822755,1725580800000,com.sec.android.app.shealth,11588,e682b009-c7b6-4654-9ab5-ffcc46207cad.binning_data,com.sec.android.app.shealth,-2,601.319152,VfS0qUERdZ,e682b009-c7b6-4654-9ab5-ffcc46207cad,11747.514121,"09/06/2024, 12:30:55 PM","09/08/2024, 12:38:09 PM",
1.957348,1725408000000,com.sec.android.app.shealth,7966,fd99ec7d-4bf3-40ef-bda3-32015ab51124.binning_data,com.sec.android.app.shealth,0,297.538684,HuT3voPSBy,fd99ec7d-4bf3-40ef-bda3-32015ab51124,5885.192126,"09/06/2024, 12:30:55 PM","09/06/2024, 12:30:55 PM",
1.871237,1725494400000,com.sec.android.app.shealth,7264,5c5cedf4-6429-4030-b77f-5c75d347fe1a.binning_data,com.sec.android.app.shealth,0,279.209364,HuT3voPSBy,5c5cedf4-6429-4030-b77f-5c75d347fe1a,5492.933370,"09/06/2024, 12:30:56 PM","09/06/2024, 12:30:56 PM",
3.630994,1725580800000,com.sec.android.app.shealth,11588,4eef26fd-90e8-442f-a359-843d90ffe0f0.binning_data,com.sec.android.app.shealth,0,601.319152,HuT3voPSBy,4eef26fd-90e8-442f-a359-843d90ffe0f0,11747.514121,"09/06/2024, 12:30:56 PM","09/08/2024, 12:38:07 PM",
1.011454,1725408000000,com.sec.android.app.shealth,7966,18b4db93-a497-40ea-aa48-f71d24ed4478.binning_data,com.sec.android.app.shealth,-2,297.538684,VfS0qUERdZ,18b4db93-a497-40ea-aa48-f71d24ed4478,5885.192126,"09/06/2024, 12:30:58 PM","09/06/2024, 12:30:58 PM",
0.994196,1725494400000,com.sec.android.app.shealth,7264,bf49970e-c5d8-4159-95c0-04704ca321fc.binning_data,com.sec.android.app.shealth,-2,279.209364,VfS0qUERdZ,bf49970e-c5d8-4159-95c0-04704ca321fc,5492.933370,"09/06/2024, 12:30:58 PM","09/06/2024, 12:30:58 PM",
1.423938,1725753600000,com.sec.android.app.shealth,5962,38e9f1dc-d8e5-4a6c-a065-f606dbed5682.binning_data,com.sec.android.app.shealth,-2,245.206030,VfS0qUERdZ,38e9f1dc-d8e5-4a6c-a065-f606dbed5682,4949.473150,"09/08/2024, 12:38:07 PM","09/11/2024, 12:06:18 AM",
1.882933,1725667200000,com.sec.android.app.shealth,9888,09c39f74-791f-4d79-90d0-491d1d17f33c.binning_data,com.sec.android.app.shealth,0,376.689655,HuT3voPSBy,09c39f74-791f-4d79-90d0-491d1d17f33c,8204.026562,"09/08/2024, 12:38:07 PM","09/08/2024, 12:38:07 PM",
5.393104,1725753600000,com.sec.android.app.shealth,5962,5933d811-ae6a-42ac-95cb-b02390faa9b3.binning_data,com.sec.android.app.shealth,0,245.206030,HuT3voPSBy,5933d811-ae6a-42ac-95cb-b02390faa9b3,4949.473150,"09/08/2024, 12:38:07 PM","09/11/2024, 12:06:17 AM",
1.370729,1725667200000,com.sec.android.app.shealth,9888,246cf864-8caa-4284-a35a-473acbc499f0.binning_data,com.sec.android.app.shealth,-2,376.689655,VfS0qUERdZ,246cf864-8caa-4284-a35a-473acbc499f0,8204.026562,"09/08/2024, 12:38:09 PM","09/08/2024, 12:38:09 PM",
1.820714,1725840000000,com.sec.android.app.shealth,7201,a08a7ea5-7820-4877-907b-787b19fee25a.binning_data,com.sec.android.app.shealth,0,277.730326,HuT3voPSBy,a08a7ea5-7820-4877-907b-787b19fee25a,5518.449116,"09/11/2024, 12:06:17 AM","09/11/2024, 12:06:17 AM",
2.441249,1725926400000,com.sec.android.app.shealth,6861,6e32aeac-465b-4e20-9f33-856450f18355.binning_data,com.sec.android.app.shealth,0,274.157576,HuT3voPSBy,6e32aeac-465b-4e20-9f33-856450f18355,5456.522695,"09/11/2024, 12:06:17 AM","09/11/2024, 12:06:17 AM",
1.004441,1725840000000,com.sec.android.app.shealth,7201,704ed617-b446-45f9-8f29-3f1d180b6556.binning_data,com.sec.android.app.shealth,-2,277.730326,VfS0qUERdZ,704ed617-b446-45f9-8f29-3f1d180b6556,5518.449116,"09/11/2024, 12:06:18 AM","09/11/2024, 12:06:18 AM",
1.027670,1725926400000,com.sec.android.app.shealth,6861,07b48e0d-4999-480a-8748-9c492eed9500.binning_data,com.sec.android.app.shealth,-2,274.157576,VfS0qUERdZ,07b48e0d-4999-480a-8748-9c492eed9500,5456.522695,"09/11/2024, 12:06:18 AM","09/11/2024, 12:06:18 AM",
0.000000,-86400000,com.sec.android.app.shealth,0,ca8d5d7d-fffd-4242-8f2d-45e2cc134eb9.binning_data,com.sec.android.app.shealth,0,0.000000,HuT3voPSBy,ca8d5d7d-fffd-4242-8f2d-45e2cc134eb9,0.000000,"11/06/2024, 10:10:34 PM","11/06/2024, 10:10:34 PM",
0.000000,-86400000,com.sec.android.app.shealth,0,251bdbcd-a15c-4aca-a4c7-751b6818c926.binning_data,com.sec.android.app.shealth,-2,0.000000,VfS0qUERdZ,251bdbcd-a15c-4aca-a4c7-751b6818c926,0.000000,"11/06/2024, 10:10:34 PM","11/06/2024, 10:10:34 PM",
1.500000,1728691200000,com.sec.android.app.shealth,9386,1e9089d1-0dce-430c-8ecd-1fc7570cb333.binning_data,com.sec.android.app.shealth,0,353.513873,HuT3voPSBy,1e9089d1-0dce-430c-8ecd-1fc7570cb333,7831.691927,"11/06/2024, 10:10:34 PM","11/06/2024, 10:10:34 PM",
1.459130,1728691200000,com.sec.android.app.shealth,12599,f6c08600-1a69-46a0-b6cf-2ea1abaeab9a.binning_data,com.sec.android.app.shealth,-2,470.432206,VfS0qUERdZ,f6c08600-1a69-46a0-b6cf-2ea1abaeab9a,10132.551925,"11/06/2024, 10:10:35 PM","11/07/2024, 8:36:21 AM",
1.500000,1728777600000,com.sec.android.app.shealth,9594,8042a906-e483-4a15-837f-f211167ae51c.binning_data,com.sec.android.app.shealth,0,391.467463,HuT3voPSBy,8042a906-e483-4a15-837f-f211167ae51c,8672.510036,"11/06/2024, 10:10:35 PM","11/06/2024, 10:10:35 PM",
1.404511,1728777600000,com.sec.android.app.shealth,18234,a5fba041-fc46-4e1e-a421-adb26ef05234.binning_data,com.sec.android.app.shealth,-2,675.837463,VfS0qUERdZ,a5fba041-fc46-4e1e-a421-adb26ef05234,14755.279036,"11/06/2024, 10:10:35 PM","11/07/2024, 8:36:21 AM",
1.500000,1728864000000,com.sec.android.app.shealth,9579,0a1df24f-bbf5-45d7-b48e-ef2ac6758d2a.binning_data,com.sec.android.app.shealth,0,370.544623,HuT3voPSBy,0a1df24f-bbf5-45d7-b48e-ef2ac6758d2a,8208.988610,"11/06/2024, 10:10:35 PM","11/06/2024, 10:10:35 PM",
1.500000,1728864000000,com.sec.android.app.shealth,9579,6f14b197-f818-4b33-85f4-8287935c932c.binning_data,com.sec.android.app.shealth,-2,370.544623,VfS0qUERdZ,6f14b197-f818-4b33-85f4-8287935c932c,8208.988610,"11/06/2024, 10:10:35 PM","11/06/2024, 10:10:35 PM",
1.500000,1728950400000,com.sec.android.app.shealth,16473,20af1f1a-5a35-4c8d-a83f-d930d4a5faec.binning_data,com.sec.android.app.shealth,0,646.310641,HuT3voPSBy,20af1f1a-5a35-4c8d-a83f-d930d4a5faec,14318.266421,"11/06/2024, 10:10:35 PM","11/06/2024, 10:10:35 PM",
1.543340,1728950400000,com.sec.android.app.shealth,32619,0b652fb1-c30b-44cb-925d-30c38a826188.binning_data,com.sec.android.app.shealth,-2,1360.427592,VfS0qUERdZ,0b652fb1-c30b-44cb-925d-30c38a826188,26895.413421,"11/06/2024, 10:10:35 PM","11/07/2024, 8:36:21 AM",
1.500000,1729036800000,com.sec.android.app.shealth,7724,758dc48b-bdb7-45f5-a6cd-17c683220db6.binning_data,com.sec.android.app.shealth,0,310.940276,HuT3voPSBy,758dc48b-bdb7-45f5-a6cd-17c683220db6,6888.522927,"11/06/2024, 10:10:35 PM","11/06/2024, 10:10:35 PM",
1.419652,1729036800000,com.sec.android.app.shealth,14460,de7c588f-93e8-43f8-baa0-a58a3640f083.binning_data,com.sec.android.app.shealth,-2,534.650276,VfS0qUERdZ,de7c588f-93e8-43f8-baa0-a58a3640f083,11690.470927,"11/06/2024, 10:10:35 PM","11/07/2024, 8:36:21 AM",
1.500000,1729123200000,com.sec.android.app.shealth,13483,50e36a72-50eb-4f44-8655-59fe8b6bc48b.binning_data,com.sec.android.app.shealth,0,457.836077,HuT3voPSBy,50e36a72-50eb-4f44-8655-59fe8b6bc48b,10142.830123,"11/06/2024, 10:10:35 PM","11/06/2024, 10:10:35 PM",
1.380650,1729123200000,com.sec.android.app.shealth,25593,a567705a-152b-4227-bd81-e38f2d22c8a5.binning_data,com.sec.android.app.shealth,-2,861.607674,VfS0qUERdZ,a567705a-152b-4227-bd81-e38f2d22c8a5,18562.008124,"11/06/2024, 10:10:35 PM","11/07/2024, 8:36:21 AM",
1.500000,1729209600000,com.sec.android.app.shealth,14031,77f8de3a-e0ee-475c-8e32-188e10059d7d.binning_data,com.sec.android.app.shealth,0,623.492136,HuT3voPSBy,77f8de3a-e0ee-475c-8e32-188e10059d7d,13812.749016,"11/06/2024, 10:10:35 PM","11/06/2024, 10:10:35 PM",
1.491300,1729209600000,com.sec.android.app.shealth,14588,5930c61a-fcdb-474c-b3d5-66cc40dcecb6.binning_data,com.sec.android.app.shealth,-2,647.312136,VfS0qUERdZ,5930c61a-fcdb-474c-b3d5-66cc40dcecb6,14145.119016,"11/06/2024, 10:10:35 PM","11/07/2024, 8:36:21 AM",
1.500000,1729296000000,com.sec.android.app.shealth,8676,beebfefa-581a-43ac-a1f3-34befe457a0e.binning_data,com.sec.android.app.shealth,0,294.186077,HuT3voPSBy,beebfefa-581a-43ac-a1f3-34befe457a0e,6517.353246,"11/06/2024, 10:10:36 PM","11/06/2024, 10:10:36 PM",
1.465083,1729296000000,com.sec.android.app.shealth,10991,b8c1c73d-58aa-4b1b-8890-59213e71df47.binning_data,com.sec.android.app.shealth,-2,375.433021,VfS0qUERdZ,b8c1c73d-58aa-4b1b-8890-59213e71df47,8125.753246,"11/06/2024, 10:10:36 PM","11/07/2024, 8:36:21 AM",
1.500000,1729382400000,com.sec.android.app.shealth,16940,48743385-f3b2-446c-a6c6-cd796e919606.binning_data,com.sec.android.app.shealth,0,357.381635,HuT3voPSBy,48743385-f3b2-446c-a6c6-cd796e919606,7917.377646,"11/06/2024, 10:10:36 PM","11/06/2024, 10:10:36 PM",
1.383132,1729382400000,com.sec.android.app.shealth,32289,b649e293-a17c-4c0b-9534-38aa45730c97.binning_data,com.sec.android.app.shealth,-2,996.481635,VfS0qUERdZ,b649e293-a17c-4c0b-9534-38aa45730c97,16997.979646,"11/06/2024, 10:10:36 PM","11/07/2024, 8:36:21 AM",
1.500000,1729468800000,com.sec.android.app.shealth,8421,8be82676-312c-4419-8c2f-586a2af2c0e5.binning_data,com.sec.android.app.shealth,0,320.280278,HuT3voPSBy,8be82676-312c-4419-8c2f-586a2af2c0e5,7095.440087,"11/06/2024, 10:10:36 PM","11/06/2024, 10:10:36 PM",
1.408204,1729468800000,com.sec.android.app.shealth,15783,a382360a-80c8-417c-be97-1c27c2f759f7.binning_data,com.sec.android.app.shealth,-2,560.533958,VfS0qUERdZ,a382360a-80c8-417c-be97-1c27c2f759f7,12251.740087,"11/06/2024, 10:10:36 PM","11/07/2024, 8:36:22 AM",
1.500000,1729555200000,com.sec.android.app.shealth,11442,3d5ccf67-b2d2-4e7a-a61d-4ab2184e7916.binning_data,com.sec.android.app.shealth,0,452.695599,HuT3voPSBy,3d5ccf67-b2d2-4e7a-a61d-4ab2184e7916,10028.948696,"11/06/2024, 10:10:36 PM","11/06/2024, 10:10:36 PM",
1.536071,1729555200000,com.sec.android.app.shealth,19724,df4c574c-2d40-403a-a2e6-e3bb964fb4fa.binning_data,com.sec.android.app.shealth,-2,821.750300,VfS0qUERdZ,df4c574c-2d40-403a-a2e6-e3bb964fb4fa,16449.691695,"11/06/2024, 10:10:36 PM","11/07/2024, 8:36:22 AM",
1.500000,1729641600000,com.sec.android.app.shealth,8760,5a59485c-0de9-446d-83af-21bf7e4754a4.binning_data,com.sec.android.app.shealth,0,313.434710,HuT3voPSBy,5a59485c-0de9-446d-83af-21bf7e4754a4,6943.784270,"11/06/2024, 10:10:36 PM","11/06/2024, 10:10:36 PM",
1.399401,1729641600000,com.sec.android.app.shealth,18640,b3d2e186-a7cb-4322-a4be-d966fa3fc7e7.binning_data,com.sec.android.app.shealth,-2,658.040057,VfS0qUERdZ,b3d2e186-a7cb-4322-a4be-d966fa3fc7e7,14181.533270,"11/06/2024, 10:10:36 PM","11/07/2024, 8:36:22 AM",
1.500000,1729728000000,com.sec.android.app.shealth,10536,fce42bef-c650-4f9b-b515-5faf94b32006.binning_data,com.sec.android.app.shealth,0,378.813248,HuT3voPSBy,fce42bef-c650-4f9b-b515-5faf94b32006,8392.170528,"11/06/2024, 10:10:36 PM","11/06/2024, 10:10:36 PM",
1.409559,1729728000000,com.sec.android.app.shealth,18153,1caf3086-315a-41f2-b384-4ed414648bf0.binning_data,com.sec.android.app.shealth,-2,658.923380,VfS0qUERdZ,1caf3086-315a-41f2-b384-4ed414648bf0,13951.340528,"11/06/2024, 10:10:36 PM","11/07/2024, 8:36:22 AM",
1.500000,1729814400000,com.sec.android.app.shealth,9629,ca5f6c4a-c57a-47d6-9229-5773a3509362.binning_data,com.sec.android.app.shealth,0,346.204902,HuT3voPSBy,ca5f6c4a-c57a-47d6-9229-5773a3509362,7669.770230,"11/06/2024, 10:10:37 PM","11/06/2024, 10:10:37 PM",
1.418187,1729814400000,com.sec.android.app.shealth,20547,9d63ea7b-44e7-4eaa-a569-2dd35ed6c5c0.binning_data,com.sec.android.app.shealth,-2,741.354000,VfS0qUERdZ,9d63ea7b-44e7-4eaa-a569-2dd35ed6c5c0,15874.213231,"11/06/2024, 10:10:37 PM","11/07/2024, 8:36:22 AM",
1.500000,1729900800000,com.sec.android.app.shealth,17780,b7d53f9a-bb65-4875-89e4-6a544505a248.binning_data,com.sec.android.app.shealth,0,737.296989,HuT3voPSBy,b7d53f9a-bb65-4875-89e4-6a544505a248,16333.964213,"11/06/2024, 10:10:37 PM","11/06/2024, 10:10:37 PM",
1.573018,1729900800000,com.sec.android.app.shealth,33155,8cb61a6d-f8cb-42a0-9886-4d5c4c284c3e.binning_data,com.sec.android.app.shealth,-2,1470.997767,VfS0qUERdZ,8cb61a6d-f8cb-42a0-9886-4d5c4c284c3e,28785.802213,"11/06/2024, 10:10:37 PM","11/07/2024, 8:36:22 AM",
1.500000,1729987200000,com.sec.android.app.shealth,10459,586ff694-f98b-40b8-9e9c-76544d0f9955.binning_data,com.sec.android.app.shealth,0,408.736968,HuT3voPSBy,586ff694-f98b-40b8-9e9c-76544d0f9955,9055.095966,"11/06/2024, 10:10:37 PM","11/06/2024, 10:10:37 PM",
1.473321,1729987200000,com.sec.android.app.shealth,14384,4e3708a2-4be9-493e-a5ff-458c721e3c36.binning_data,com.sec.android.app.shealth,-2,549.946968,VfS0qUERdZ,4e3708a2-4be9-493e-a5ff-458c721e3c36,12061.967966,"11/06/2024, 10:10:37 PM","11/07/2024, 8:36:22 AM",
1.500000,1730073600000,com.sec.android.app.shealth,9643,81bf49c7-d8db-4bd5-bcd1-c47d72ae8b47.binning_data,com.sec.android.app.shealth,0,358.016501,HuT3voPSBy,81bf49c7-d8db-4bd5-bcd1-c47d72ae8b47,7931.442405,"11/06/2024, 10:10:37 PM","11/06/2024, 10:10:37 PM",
1.459038,1730073600000,com.sec.android.app.shealth,17360,1c70b5a0-bf13-4c75-a526-3afe7271674f.binning_data,com.sec.android.app.shealth,-2,642.282577,VfS0qUERdZ,1c70b5a0-bf13-4c75-a526-3afe7271674f,13706.059404,"11/06/2024, 10:10:37 PM","11/07/2024, 8:36:22 AM",
1.500000,1730160000000,com.sec.android.app.shealth,12121,8759fd99-b474-43c9-811e-7f32f00a5b51.binning_data,com.sec.android.app.shealth,0,395.801494,HuT3voPSBy,8759fd99-b474-43c9-811e-7f32f00a5b51,8768.525375,"11/06/2024, 10:10:37 PM","11/06/2024, 10:10:37 PM",
1.687304,1730160000000,com.sec.android.app.shealth,20999,011179a4-3585-4c4d-b772-ad4f2dba6160.binning_data,com.sec.android.app.shealth,-2,889.223494,VfS0qUERdZ,011179a4-3585-4c4d-b772-ad4f2dba6160,16362.997375,"11/06/2024, 10:10:37 PM","11/07/2024, 8:36:22 AM",
1.500000,1730246400000,com.sec.android.app.shealth,9711,25d3f2f0-5b43-4c27-99ff-488c35860088.binning_data,com.sec.android.app.shealth,0,337.632689,HuT3voPSBy,25d3f2f0-5b43-4c27-99ff-488c35860088,7479.862558,"11/06/2024, 10:10:37 PM","11/06/2024, 10:10:37 PM",
1.428727,1730246400000,com.sec.android.app.shealth,13581,9c8da883-6ffa-4423-936e-7a0fc95d73ca.binning_data,com.sec.android.app.shealth,-2,474.472689,VfS0qUERdZ,9c8da883-6ffa-4423-936e-7a0fc95d73ca,10320.631558,"11/06/2024, 10:10:37 PM","11/07/2024, 8:13:14 AM",
1.500000,1730332800000,com.sec.android.app.shealth,17171,ea8d5225-6ca2-412e-b435-aea531354261.binning_data,com.sec.android.app.shealth,0,741.486496,HuT3voPSBy,ea8d5225-6ca2-412e-b435-aea531354261,16426.791450,"11/06/2024, 10:18:08 PM","11/06/2024, 10:18:08 PM",
1.558023,1730419200000,com.sec.android.app.shealth,12103,edbc2c64-b302-467f-98ff-4b45761e57b4.binning_data,com.sec.android.app.shealth,0,425.848901,HuT3voPSBy,edbc2c64-b302-467f-98ff-4b45761e57b4,8861.225378,"11/06/2024, 10:18:08 PM","11/06/2024, 10:18:08 PM",
1.560275,1730505600000,com.sec.android.app.shealth,20025,d06bc4b5-1ae7-4ecd-8751-1a3e06a594c6.binning_data,com.sec.android.app.shealth,0,696.069395,HuT3voPSBy,d06bc4b5-1ae7-4ecd-8751-1a3e06a594c6,14717.243226,"11/06/2024, 10:18:08 PM","11/06/2024, 10:18:08 PM",
1.905173,1730592000000,com.sec.android.app.shealth,10840,dd32ec14-3bae-4658-9fdd-675cd135ed32.binning_data,com.sec.android.app.shealth,0,418.192336,HuT3voPSBy,dd32ec14-3bae-4658-9fdd-675cd135ed32,9231.712929,"11/06/2024, 10:18:08 PM","11/06/2024, 10:18:08 PM",
3.901530,1730678400000,com.sec.android.app.shealth,15466,5f5e5071-7104-473e-8884-a2b1f9d2d97b.binning_data,com.sec.android.app.shealth,0,817.525122,HuT3voPSBy,5f5e5071-7104-473e-8884-a2b1f9d2d97b,15246.131389,"11/06/2024, 10:18:08 PM","11/06/2024, 10:18:08 PM",
2.642832,1730764800000,com.sec.android.app.shealth,8526,007e4902-e533-4f29-9822-9c99655538f5.binning_data,com.sec.android.app.shealth,0,331.546163,HuT3voPSBy,007e4902-e533-4f29-9822-9c99655538f5,7030.070670,"11/06/2024, 10:18:08 PM","11/06/2024, 10:18:08 PM",
1.885791,1730851200000,com.sec.android.app.shealth,12406,67c8d08f-d6ec-439f-bab3-0876393c2d2c.binning_data,com.sec.android.app.shealth,0,474.954307,HuT3voPSBy,67c8d08f-d6ec-439f-bab3-0876393c2d2c,9995.441383,"11/06/2024, 10:18:08 PM","11/06/2024, 10:18:08 PM",
1.589358,1730332800000,com.sec.android.app.shealth,29893,4e603d4a-d79c-4530-8b28-daa4409d4615.binning_data,com.sec.android.app.shealth,-2,1375.386496,VfS0qUERdZ,4e603d4a-d79c-4530-8b28-daa4409d4615,26961.033450,"11/06/2024, 10:18:11 PM","11/07/2024, 8:13:15 AM",
1.223000,1730419200000,com.sec.android.app.shealth,14071,9e663dcf-4528-4bb2-a3f0-ff10659d2d76.binning_data,com.sec.android.app.shealth,-2,560.059087,VfS0qUERdZ,9e663dcf-4528-4bb2-a3f0-ff10659d2d76,9661.202728,"11/06/2024, 10:18:11 PM","11/07/2024, 8:13:15 AM",
1.302565,1730505600000,com.sec.android.app.shealth,23410,0044699d-4957-44c8-9a75-48af77866908.binning_data,com.sec.android.app.shealth,-2,926.033921,VfS0qUERdZ,0044699d-4957-44c8-9a75-48af77866908,15925.885895,"11/06/2024, 10:18:11 PM","11/07/2024, 8:13:16 AM",
1.366606,1730592000000,com.sec.android.app.shealth,11354,ba612378-b78a-4778-8a1f-6886f9002bd2.binning_data,com.sec.android.app.shealth,-2,427.553486,VfS0qUERdZ,ba612378-b78a-4778-8a1f-6886f9002bd2,9091.599791,"11/06/2024, 10:18:11 PM","11/07/2024, 8:13:16 AM",
1.771916,1730678400000,com.sec.android.app.shealth,16149,51d880e6-c15f-481d-884e-e55eeaac1d4d.binning_data,com.sec.android.app.shealth,-2,834.109987,VfS0qUERdZ,51d880e6-c15f-481d-884e-e55eeaac1d4d,15498.504356,"11/06/2024, 10:18:11 PM","11/07/2024, 8:13:17 AM",
1.330660,1730764800000,com.sec.android.app.shealth,8713,8ad88768-7991-4391-ae0f-01db4976e584.binning_data,com.sec.android.app.shealth,-2,341.028773,VfS0qUERdZ,8ad88768-7991-4391-ae0f-01db4976e584,7119.990458,"11/06/2024, 10:18:12 PM","11/07/2024, 8:13:17 AM",
1.310482,1730851200000,com.sec.android.app.shealth,14118,ea5cbe8a-872a-41d7-8f28-c39d4cf231e8.binning_data,com.sec.android.app.shealth,-2,541.192244,VfS0qUERdZ,ea5cbe8a-872a-41d7-8f28-c39d4cf231e8,11284.988143,"11/06/2024, 10:18:12 PM","11/07/2024, 8:13:18 AM",
1.315439,1730937600000,com.sec.android.app.shealth,2053,73ea9558-f798-461f-b873-22e0a326531e.binning_data,com.sec.android.app.shealth,-2,76.351602,VfS0qUERdZ,73ea9558-f798-461f-b873-22e0a326531e,1593.838562,"11/07/2024, 8:11:57 AM","11/07/2024, 8:32:26 AM",
1.746389,1730937600000,com.sec.android.app.shealth,2035,c284bb17-67e1-4b53-b9cd-6aefd34496d3.binning_data,com.sec.android.app.shealth,0,75.121661,HuT3voPSBy,c284bb17-67e1-4b53-b9cd-6aefd34496d3,1615.210015,"11/07/2024, 8:11:58 AM","11/07/2024, 8:36:20 AM",
2.685344,1730332800000,com.sec.android.app.shealth,14097,5d60b3bf-ebfd-4b98-801c-fd346bbb055b.binning_data,com.sec.android.app.shealth,23,704.750000,xtfbSOmziO,5d60b3bf-ebfd-4b98-801c-fd346bbb055b,11702.903000,"11/07/2024, 8:12:35 AM","11/07/2024, 8:12:35 AM",
2.166667,1730419200000,com.sec.android.app.shealth,9703,5d958889-4718-453c-b6c1-310ceb3dec18.binning_data,com.sec.android.app.shealth,23,432.911000,xtfbSOmziO,5d958889-4718-453c-b6c1-310ceb3dec18,6161.288000,"11/07/2024, 8:12:35 AM","11/07/2024, 8:12:35 AM",
2.327977,1730505600000,com.sec.android.app.shealth,19377,f5dc72fe-ff07-4277-9f74-296672ac160c.binning_data,com.sec.android.app.shealth,23,865.120000,xtfbSOmziO,f5dc72fe-ff07-4277-9f74-296672ac160c,12355.153000,"11/07/2024, 8:12:35 AM","11/07/2024, 8:12:35 AM",
1.676561,1730592000000,com.sec.android.app.shealth,6218,55706e90-22c7-42e0-8576-555a11e604cc.binning_data,com.sec.android.app.shealth,23,231.350000,xtfbSOmziO,55706e90-22c7-42e0-8576-555a11e604cc,4708.770000,"11/07/2024, 8:12:35 AM","11/07/2024, 8:12:35 AM",
1.861111,1730678400000,com.sec.android.app.shealth,5678,e0ceaaa0-0ed3-49df-9ae4-a33c1d5785d1.binning_data,com.sec.android.app.shealth,23,202.690000,xtfbSOmziO,e0ceaaa0-0ed3-49df-9ae4-a33c1d5785d1,4319.270000,"11/07/2024, 8:12:35 AM","11/07/2024, 8:12:35 AM",
2.525273,1730764800000,com.sec.android.app.shealth,946,724bf2a8-668e-44da-896e-fd1a491bcf45.binning_data,com.sec.android.app.shealth,23,44.430000,xtfbSOmziO,724bf2a8-668e-44da-896e-fd1a491bcf45,753.941000,"11/07/2024, 8:12:35 AM","11/07/2024, 8:12:35 AM",
2.451668,1730851200000,com.sec.android.app.shealth,5787,2080863b-bd7c-422d-9c19-a9c3244d9291.binning_data,com.sec.android.app.shealth,23,220.710000,xtfbSOmziO,2080863b-bd7c-422d-9c19-a9c3244d9291,4325.680000,"11/07/2024, 8:12:36 AM","11/07/2024, 8:12:36 AM",
1.454000,1730937600000,com.sec.android.app.shealth,1844,9aee8097-84fb-463a-b55b-137e55760998.binning_data,com.sec.android.app.shealth,23,68.570000,xtfbSOmziO,9aee8097-84fb-463a-b55b-137e55760998,1389.180000,"11/07/2024, 8:12:36 AM","11/07/2024, 8:31:34 AM",
1.003012,1726012800000,com.sec.android.app.shealth,7449,b8eed815-50d8-4de4-8e96-d3714b843a07.binning_data,com.sec.android.app.shealth,-2,286.009825,VfS0qUERdZ,b8eed815-50d8-4de4-8e96-d3714b843a07,5780.693935,"11/07/2024, 8:12:45 AM","11/07/2024, 8:12:45 AM",
2.471043,1728691200000,com.sec.android.app.shealth,3462,b9c44735-2137-4078-84af-a69c0974cddb.binning_data,com.sec.android.app.shealth,23,125.280000,xtfbSOmziO,b9c44735-2137-4078-84af-a69c0974cddb,2478.790000,"11/07/2024, 8:36:23 AM","11/07/2024, 8:36:23 AM",
1.638889,1728777600000,com.sec.android.app.shealth,9449,157896b1-f612-4003-a104-e7a51296a6a2.binning_data,com.sec.android.app.shealth,23,311.270000,xtfbSOmziO,157896b1-f612-4003-a104-e7a51296a6a2,6659.719000,"11/07/2024, 8:36:23 AM","11/07/2024, 8:36:23 AM",
2.694444,1728950400000,com.sec.android.app.shealth,17954,cd72b26f-e5a0-428a-b72c-98709a05f111.binning_data,com.sec.android.app.shealth,23,796.431000,xtfbSOmziO,cd72b26f-e5a0-428a-b72c-98709a05f111,14006.535000,"11/07/2024, 8:36:23 AM","11/07/2024, 8:36:23 AM",
2.055556,1729036800000,com.sec.android.app.shealth,7438,a3ec66e6-a1d7-4126-b2ba-446c6e42d13a.binning_data,com.sec.android.app.shealth,23,249.089000,xtfbSOmziO,a3ec66e6-a1d7-4126-b2ba-446c6e42d13a,5316.688000,"11/07/2024, 8:36:23 AM","11/07/2024, 8:36:23 AM",
2.604207,1729123200000,com.sec.android.app.shealth,13634,ea769f89-7081-4a97-ad85-c8781be3b889.binning_data,com.sec.android.app.shealth,23,453.850000,xtfbSOmziO,ea769f89-7081-4a97-ad85-c8781be3b889,9493.760000,"11/07/2024, 8:36:23 AM","11/07/2024, 8:36:23 AM",
1.694444,1729209600000,com.sec.android.app.shealth,603,763dfd30-1f89-4394-a22e-663f722071b7.binning_data,com.sec.android.app.shealth,23,25.280000,xtfbSOmziO,763dfd30-1f89-4394-a22e-663f722071b7,364.650000,"11/07/2024, 8:36:23 AM","11/07/2024, 8:36:23 AM",
1.694444,1729296000000,com.sec.android.app.shealth,2481,c2819e9e-6357-4149-a3eb-083317b170c4.binning_data,com.sec.android.app.shealth,23,86.550000,xtfbSOmziO,c2819e9e-6357-4149-a3eb-083317b170c4,1724.260000,"11/07/2024, 8:36:23 AM","11/07/2024, 8:36:23 AM",
1.704882,1729382400000,com.sec.android.app.shealth,16848,dd37d62c-8a05-42e4-9712-99a0bb7d7329.binning_data,com.sec.android.app.shealth,23,702.190000,xtfbSOmziO,dd37d62c-8a05-42e4-9712-99a0bb7d7329,9990.451000,"11/07/2024, 8:36:23 AM","11/07/2024, 8:36:23 AM",
1.686105,1729468800000,com.sec.android.app.shealth,8116,08916656-4f37-44ba-9080-56764b62c81f.binning_data,com.sec.android.app.shealth,23,264.590000,xtfbSOmziO,08916656-4f37-44ba-9080-56764b62c81f,5690.591000,"11/07/2024, 8:36:23 AM","11/07/2024, 8:36:23 AM",
2.861111,1729555200000,com.sec.android.app.shealth,9333,a356f8a8-f29b-427c-8e6b-6038f6aa864d.binning_data,com.sec.android.app.shealth,23,415.489000,xtfbSOmziO,a356f8a8-f29b-427c-8e6b-6038f6aa864d,7214.652000,"11/07/2024, 8:36:23 AM","11/07/2024, 8:36:23 AM",
2.416667,1729641600000,com.sec.android.app.shealth,11042,6a84bc8c-52f9-4860-bdfb-c8da15dd6b6b.binning_data,com.sec.android.app.shealth,23,390.480000,xtfbSOmziO,6a84bc8c-52f9-4860-bdfb-c8da15dd6b6b,8058.947000,"11/07/2024, 8:36:23 AM","11/07/2024, 8:36:23 AM",
2.222222,1729728000000,com.sec.android.app.shealth,8504,901666c8-588a-4c70-9451-6eed03705f04.binning_data,com.sec.android.app.shealth,23,315.991000,xtfbSOmziO,901666c8-588a-4c70-9451-6eed03705f04,6206.510000,"11/07/2024, 8:36:23 AM","11/07/2024, 8:36:23 AM",
1.861111,1729814400000,com.sec.android.app.shealth,12014,066b3a91-9463-4cb2-9306-afafb5bcdb1b.binning_data,com.sec.android.app.shealth,23,433.710000,xtfbSOmziO,066b3a91-9463-4cb2-9306-afafb5bcdb1b,9019.252000,"11/07/2024, 8:36:23 AM","11/07/2024, 8:36:23 AM",
2.744357,1729900800000,com.sec.android.app.shealth,16961,1ae6c32f-2108-4af8-a974-f0c8b53c5f4f.binning_data,com.sec.android.app.shealth,23,807.708000,xtfbSOmziO,1ae6c32f-2108-4af8-a974-f0c8b53c5f4f,13750.391000,"11/07/2024, 8:36:23 AM","11/07/2024, 8:36:23 AM",
1.888889,1729987200000,com.sec.android.app.shealth,4430,11b78b7c-ef40-4858-80cd-a4a584e46158.binning_data,com.sec.android.app.shealth,23,159.210000,xtfbSOmziO,11b78b7c-ef40-4858-80cd-a4a584e46158,3373.392000,"11/07/2024, 8:36:23 AM","11/07/2024, 8:36:23 AM",
1.805556,1730073600000,com.sec.android.app.shealth,8449,88c2db71-2704-40a9-8751-807de055553d.binning_data,com.sec.android.app.shealth,23,309.980000,xtfbSOmziO,88c2db71-2704-40a9-8751-807de055553d,6324.052000,"11/07/2024, 8:36:23 AM","11/07/2024, 8:36:23 AM",
2.694444,1730160000000,com.sec.android.app.shealth,9884,d3b7bbba-72a1-472e-9bed-77f3234c25d9.binning_data,com.sec.android.app.shealth,23,550.740000,xtfbSOmziO,d3b7bbba-72a1-472e-9bed-77f3234c25d9,8476.406000,"11/07/2024, 8:36:23 AM","11/07/2024, 8:36:23 AM",
2.008025,1730246400000,com.sec.android.app.shealth,4338,118e7464-5467-40b2-b600-70cd2ea350c8.binning_data,com.sec.android.app.shealth,23,154.970000,xtfbSOmziO,118e7464-5467-40b2-b600-70cd2ea350c8,3179.950000,"11/07/2024, 8:36:23 AM","11/07/2024, 8:36:23 AM",

