com.samsung.health.floors_climbed,1148009,6
end_time,floor,pkg_name,custom,update_time,start_time,datauuid,time_offset,create_time,raw_data,deviceuuid
"04/26/2024, 1:10:40 PM",1.000000,com.sec.android.app.shealth,,"04/26/2024, 1:11:51 PM","04/26/2024, 1:10:31 PM",78c672b6-86bd-e446-afb3-de37f0d6b128,-14400000,"04/26/2024, 1:11:51 PM",,xtfbSOmziO,
"04/26/2024, 4:39:26 PM",1.000000,com.sec.android.app.shealth,,"04/26/2024, 4:39:36 PM","04/26/2024, 4:39:16 PM",cd95729a-23e8-9de1-6538-cced7d272e96,-14400000,"04/26/2024, 4:39:36 PM",,xtfbSOmziO,
"04/27/2024, 5:12:16 AM",2.000000,com.sec.android.app.shealth,,"04/27/2024, 5:12:26 AM","04/27/2024, 5:11:13 AM",4c3e0b18-f259-6c4f-b3e9-20d35f127b6f,-14400000,"04/27/2024, 5:11:25 AM",,xtfbSOmziO,
"04/27/2024, 5:38:49 AM",1.000000,com.sec.android.app.shealth,,"04/27/2024, 5:39:03 AM","04/27/2024, 5:38:18 AM",2b7ffbc7-555c-75e8-7855-a583c5b04687,-14400000,"04/27/2024, 5:38:39 AM",,xtfbSOmziO,
"04/27/2024, 6:25:32 AM",1.000000,com.sec.android.app.shealth,,"04/27/2024, 6:25:35 AM","04/27/2024, 6:25:13 AM",52c467a8-eb43-b242-6a3d-01f6ec5956df,-14400000,"04/27/2024, 6:25:35 AM",,xtfbSOmziO,
"04/27/2024, 9:35:10 AM",1.000000,com.sec.android.app.shealth,,"04/27/2024, 9:38:24 AM","04/27/2024, 9:35:01 AM",85f3644d-a1a3-e533-913e-fd6c94175d19,-14400000,"04/27/2024, 9:38:24 AM",,xtfbSOmziO,
"04/27/2024, 10:45:55 AM",1.000000,com.sec.android.app.shealth,,"04/27/2024, 10:45:58 AM","04/27/2024, 10:45:40 AM",b0482237-f4be-5955-94eb-665dba29dad9,-14400000,"04/27/2024, 10:45:58 AM",,xtfbSOmziO,
"04/27/2024, 11:04:57 AM",1.000000,com.sec.android.app.shealth,,"04/27/2024, 11:05:12 AM","04/27/2024, 11:04:48 AM",8abc0970-3e08-057a-8da8-55c68d32965a,-14400000,"04/27/2024, 11:05:12 AM",,xtfbSOmziO,
"04/27/2024, 11:33:31 AM",1.000000,com.sec.android.app.shealth,,"04/27/2024, 11:34:08 AM","04/27/2024, 11:33:20 AM",2169cc86-a9d1-7c30-dd5a-7d093a5a8d1a,-14400000,"04/27/2024, 11:34:08 AM",,xtfbSOmziO,
"04/27/2024, 12:58:39 PM",1.000000,com.sec.android.app.shealth,,"04/27/2024, 1:00:19 PM","04/27/2024, 12:58:26 PM",e6c177ae-28c9-395c-4ba6-0f7d1a9d92d8,-14400000,"04/27/2024, 1:00:19 PM",,xtfbSOmziO,
"04/27/2024, 2:53:26 PM",1.000000,com.sec.android.app.shealth,,"04/27/2024, 2:54:45 PM","04/27/2024, 2:53:13 PM",abcc35d2-c803-30a5-d900-01c0c1e10d9d,-14400000,"04/27/2024, 2:54:45 PM",,xtfbSOmziO,
"04/27/2024, 4:09:41 PM",1.000000,com.sec.android.app.shealth,,"04/27/2024, 4:09:45 PM","04/27/2024, 4:09:23 PM",8c33e0a2-cb58-1398-a719-2c40aa85ea49,-14400000,"04/27/2024, 4:09:45 PM",,xtfbSOmziO,
"04/27/2024, 4:28:53 PM",4.000000,com.sec.android.app.shealth,,"04/27/2024, 4:29:34 PM","04/27/2024, 4:27:36 PM",b118baf2-2d40-f367-c3a5-e6650f15696e,-14400000,"04/27/2024, 4:28:25 PM",,xtfbSOmziO,
"04/27/2024, 9:00:05 PM",1.000000,com.sec.android.app.shealth,,"04/27/2024, 9:00:25 PM","04/27/2024, 8:59:53 PM",613e8d84-32b6-5cd9-5f14-3f361305bc50,-14400000,"04/27/2024, 9:00:25 PM",,xtfbSOmziO,
"04/27/2024, 9:01:07 PM",4.000000,com.sec.android.app.shealth,,"04/27/2024, 9:01:21 PM","04/27/2024, 9:00:05 PM",d64298d9-1388-694f-b948-479aa0dd0105,-14400000,"04/27/2024, 9:00:25 PM",,xtfbSOmziO,
"04/28/2024, 11:08:11 AM",1.000000,com.sec.android.app.shealth,,"04/28/2024, 11:13:25 AM","04/28/2024, 11:08:05 AM",253fe9e0-a62a-dd13-cb86-05ac7cf78163,-14400000,"04/28/2024, 11:13:25 AM",,xtfbSOmziO,
"04/28/2024, 11:20:15 AM",1.000000,com.sec.android.app.shealth,,"04/28/2024, 11:21:30 AM","04/28/2024, 11:20:06 AM",a7c8bf8e-b853-7d2f-51c2-959c9a8267b3,-14400000,"04/28/2024, 11:21:30 AM",,xtfbSOmziO,
"04/30/2024, 7:03:24 AM",1.000000,com.sec.android.app.shealth,,"04/30/2024, 7:03:37 AM","04/30/2024, 7:03:12 AM",eea71aab-da12-12d6-650e-8fec7861e5be,-14400000,"04/30/2024, 7:03:37 AM",,xtfbSOmziO,
"04/30/2024, 1:12:56 PM",1.000000,com.sec.android.app.shealth,,"04/30/2024, 1:12:57 PM","04/30/2024, 1:12:36 PM",04b92aeb-da77-a649-a332-53299423ecc2,-14400000,"04/30/2024, 1:12:57 PM",,xtfbSOmziO,
"05/02/2024, 11:59:24 AM",1.000000,com.sec.android.app.shealth,,"05/02/2024, 11:59:58 AM","05/02/2024, 11:59:15 AM",ff2df101-b455-cc6c-d493-51365b549a07,-14400000,"05/02/2024, 11:59:58 AM",,xtfbSOmziO,
"05/04/2024, 8:32:39 AM",1.000000,com.sec.android.app.shealth,,"05/04/2024, 8:32:57 AM","05/04/2024, 8:32:19 AM",6e176299-3787-43e5-0f40-0aaf364946d2,-14400000,"05/04/2024, 8:32:38 AM",,xtfbSOmziO,
"05/04/2024, 9:10:36 AM",2.000000,com.sec.android.app.shealth,,"05/04/2024, 9:11:07 AM","05/04/2024, 9:10:02 AM",e0eda372-3589-b4b8-2308-0ffc6b392b4b,-14400000,"05/04/2024, 9:11:07 AM",,xtfbSOmziO,
"05/04/2024, 9:20:02 AM",1.000000,com.sec.android.app.shealth,,"05/04/2024, 9:20:06 AM","05/04/2024, 9:19:45 AM",8b86d097-ca5d-9995-d2a1-641f6797f665,-14400000,"05/04/2024, 9:20:00 AM",,xtfbSOmziO,
"05/07/2024, 2:42:10 PM",1.000000,com.sec.android.app.shealth,,"05/07/2024, 2:42:12 PM","05/07/2024, 2:41:57 PM",34faa8b8-6b70-59d1-c241-c9c5b7779be5,-14400000,"05/07/2024, 2:42:12 PM",,xtfbSOmziO,
"05/16/2024, 3:54:54 PM",1.000000,com.sec.android.app.shealth,,"05/16/2024, 3:55:21 PM","05/16/2024, 3:54:37 PM",5c17d6e3-2e53-2876-1058-3c81af647f8b,-14400000,"05/16/2024, 3:54:53 PM",,xtfbSOmziO,
"05/16/2024, 4:10:51 PM",1.000000,com.sec.android.app.shealth,,"05/16/2024, 4:12:51 PM","05/16/2024, 4:10:34 PM",539f1ca5-48c4-6f53-1d25-c3f0d84f0444,-14400000,"05/16/2024, 4:12:51 PM",,xtfbSOmziO,
"05/16/2024, 6:24:01 PM",1.000000,com.sec.android.app.shealth,,"05/16/2024, 6:25:11 PM","05/16/2024, 6:23:55 PM",7e25e86b-8511-d69b-32fe-896da104b50c,-14400000,"05/16/2024, 6:25:11 PM",,xtfbSOmziO,
"08/25/2024, 4:19:31 PM",1.000000,com.sec.android.app.shealth,,"08/25/2024, 4:23:10 PM","08/25/2024, 4:19:20 PM",7cb96205-aca7-133b-ee10-3415a27d9995,-25200000,"08/25/2024, 4:23:10 PM",,xtfbSOmziO,
"08/25/2024, 4:31:06 PM",1.000000,com.sec.android.app.shealth,,"08/25/2024, 4:34:33 PM","08/25/2024, 4:30:52 PM",11555493-b505-832a-b577-f40b97a69b19,-25200000,"08/25/2024, 4:34:33 PM",,xtfbSOmziO,
"08/25/2024, 5:15:21 PM",4.000000,com.sec.android.app.shealth,,"08/25/2024, 5:16:26 PM","08/25/2024, 5:14:20 PM",a59118c6-0830-c966-102c-412bf21851be,-25200000,"08/25/2024, 5:16:25 PM",,xtfbSOmziO,
"08/26/2024, 12:16:38 PM",1.000000,com.sec.android.app.shealth,,"08/26/2024, 12:17:33 PM","08/26/2024, 12:16:25 PM",5c03f450-97c2-3978-4ea2-3e2465fa9b07,-25200000,"08/26/2024, 12:17:33 PM",,xtfbSOmziO,
"08/26/2024, 6:09:53 PM",2.000000,com.sec.android.app.shealth,,"08/26/2024, 6:10:43 PM","08/26/2024, 6:09:25 PM",e15048dc-7bdf-fb7d-7427-d1878ce91b40,-25200000,"08/26/2024, 6:10:43 PM",,xtfbSOmziO,
"08/26/2024, 6:59:31 PM",4.000000,com.sec.android.app.shealth,,"08/26/2024, 6:59:53 PM","08/26/2024, 6:58:44 PM",f985b7f5-a81a-c43f-9a3b-376ceb0ddf8e,-25200000,"08/26/2024, 6:59:14 PM",,xtfbSOmziO,
"08/27/2024, 9:16:15 AM",1.000000,com.sec.android.app.shealth,,"08/27/2024, 9:17:48 AM","08/27/2024, 9:16:02 AM",6e4ef569-27fc-3c7f-051d-462e573a4740,-25200000,"08/27/2024, 9:16:09 AM",,xtfbSOmziO,
"08/20/2024, 8:49:17 AM",1.000000,com.sec.android.app.shealth,,"08/20/2024, 8:51:27 AM","08/20/2024, 8:49:06 AM",0084b384-4c60-7995-765e-f2751229ba92,-14400000,"08/20/2024, 8:51:27 AM",,xtfbSOmziO,
"08/20/2024, 8:50:29 AM",1.000000,com.sec.android.app.shealth,,"08/20/2024, 8:51:27 AM","08/20/2024, 8:50:18 AM",0465d38f-0881-a9ef-f16b-802cd92ae0f2,-14400000,"08/20/2024, 8:51:27 AM",,xtfbSOmziO,
"08/20/2024, 3:42:18 PM",4.000000,com.sec.android.app.shealth,,"08/20/2024, 3:42:43 PM","08/20/2024, 3:41:30 PM",269d2e4b-b8e3-5f38-6f7a-c6da4561b24e,-14400000,"08/20/2024, 3:41:57 PM",,xtfbSOmziO,
"08/20/2024, 4:06:29 PM",4.000000,com.sec.android.app.shealth,,"08/20/2024, 4:07:53 PM","08/20/2024, 4:05:34 PM",03423d30-ae75-7a08-5e36-4a4102ea6309,-14400000,"08/20/2024, 4:06:27 PM",,xtfbSOmziO,
"08/20/2024, 4:17:13 PM",4.000000,com.sec.android.app.shealth,,"08/20/2024, 4:18:10 PM","08/20/2024, 4:16:39 PM",bfe79d63-9b73-4160-d9b7-9e15e120c3e1,-14400000,"08/20/2024, 4:16:53 PM",,xtfbSOmziO,
"08/20/2024, 6:25:19 PM",1.000000,com.sec.android.app.shealth,,"08/20/2024, 6:26:25 PM","08/20/2024, 6:24:59 PM",083eee24-00ea-20d6-fef8-2829d681912d,-14400000,"08/20/2024, 6:26:24 PM",,xtfbSOmziO,
"08/20/2024, 10:28:50 PM",1.000000,com.sec.android.app.shealth,,"08/20/2024, 10:34:21 PM","08/20/2024, 10:28:40 PM",208736b8-23a3-a801-a2aa-e40a2033653c,-14400000,"08/20/2024, 10:34:21 PM",,xtfbSOmziO,
"08/20/2024, 10:30:34 PM",1.000000,com.sec.android.app.shealth,,"08/20/2024, 10:34:21 PM","08/20/2024, 10:30:25 PM",afb6927a-1253-feb0-ab93-43bf5b9f7258,-14400000,"08/20/2024, 10:34:21 PM",,xtfbSOmziO,
"08/20/2024, 10:41:05 PM",3.000000,com.sec.android.app.shealth,,"08/20/2024, 10:42:16 PM","08/20/2024, 10:40:31 PM",6a0d08f3-2621-d80a-7c8a-59c15e1c8dcc,-14400000,"08/20/2024, 10:40:58 PM",,xtfbSOmziO,
"08/21/2024, 12:07:20 PM",1.000000,com.sec.android.app.shealth,,"08/21/2024, 12:08:17 PM","08/21/2024, 12:07:11 PM",b686ebac-a727-3319-043d-d369d44026c2,-14400000,"08/21/2024, 12:08:17 PM",,xtfbSOmziO,
"08/21/2024, 3:43:03 PM",1.000000,com.sec.android.app.shealth,,"08/21/2024, 3:43:18 PM","08/21/2024, 3:42:45 PM",e67e7e65-2d47-2818-3687-2fbd5a243af8,-14400000,"08/21/2024, 3:43:18 PM",,xtfbSOmziO,
"08/21/2024, 8:01:17 PM",3.000000,com.sec.android.app.shealth,,"08/21/2024, 8:01:43 PM","08/21/2024, 8:00:22 PM",58cbb68e-9c01-8f61-bea2-8686b1fa60e6,-14400000,"08/21/2024, 8:01:42 PM",,xtfbSOmziO,
"08/21/2024, 8:53:17 PM",4.000000,com.sec.android.app.shealth,,"08/21/2024, 8:55:04 PM","08/21/2024, 8:52:29 PM",d6be5d7f-7c29-54f6-5c71-22287e6129f2,-14400000,"08/21/2024, 8:55:04 PM",,xtfbSOmziO,
"08/22/2024, 12:34:06 PM",3.000000,com.sec.android.app.shealth,,"08/22/2024, 12:36:12 PM","08/22/2024, 12:33:30 PM",6bb58852-4e41-4c91-75f7-c07989ee9062,-14400000,"08/22/2024, 12:36:12 PM",,xtfbSOmziO,
"08/22/2024, 12:36:58 PM",1.000000,com.sec.android.app.shealth,,"08/22/2024, 12:42:00 PM","08/22/2024, 12:36:45 PM",4bbc63f0-ce44-e538-1942-1625e729f8b4,-14400000,"08/22/2024, 12:42:00 PM",,xtfbSOmziO,
"08/22/2024, 12:39:18 PM",1.000000,com.sec.android.app.shealth,,"08/22/2024, 12:42:00 PM","08/22/2024, 12:38:50 PM",28fad5b5-153a-38e6-a50f-a6b7c385d3ae,-14400000,"08/22/2024, 12:42:00 PM",,xtfbSOmziO,
"08/22/2024, 5:40:09 PM",1.000000,com.sec.android.app.shealth,,"08/22/2024, 5:43:31 PM","08/22/2024, 5:39:40 PM",8cd27304-ebdc-7d55-6785-746ef0f7445f,-14400000,"08/22/2024, 5:43:31 PM",,xtfbSOmziO,
"08/22/2024, 8:32:43 PM",2.000000,com.sec.android.app.shealth,,"08/22/2024, 8:32:51 PM","08/22/2024, 8:32:26 PM",5bf496d4-2ddb-bef7-2e86-3a901360b96b,-14400000,"08/22/2024, 8:32:39 PM",,xtfbSOmziO,
"08/22/2024, 8:55:30 PM",4.000000,com.sec.android.app.shealth,,"08/22/2024, 8:56:38 PM","08/22/2024, 8:54:38 PM",df5e76dc-5b15-1997-b616-e3daf5c5a4df,-14400000,"08/22/2024, 8:56:37 PM",,xtfbSOmziO,
"08/23/2024, 3:14:11 PM",2.000000,com.sec.android.app.shealth,,"08/23/2024, 3:16:54 PM","08/23/2024, 3:14:01 PM",44ba58c5-73cb-c5bb-7245-585686d74b42,-14400000,"08/23/2024, 3:16:54 PM",,xtfbSOmziO,
"08/23/2024, 3:24:39 PM",1.000000,com.sec.android.app.shealth,,"08/23/2024, 3:25:22 PM","08/23/2024, 3:24:28 PM",f6d51a94-52eb-6f1b-afa6-3ee48e2f1205,-14400000,"08/23/2024, 3:25:22 PM",,xtfbSOmziO,
"08/23/2024, 4:45:36 PM",4.000000,com.sec.android.app.shealth,,"08/23/2024, 4:46:35 PM","08/23/2024, 4:44:38 PM",92962084-4d26-47a9-4dd6-18ed32434508,-14400000,"08/23/2024, 4:45:05 PM",,xtfbSOmziO,
"08/25/2024, 8:01:11 AM",1.000000,com.sec.android.app.shealth,,"08/25/2024, 8:01:36 AM","08/25/2024, 8:00:48 AM",a0762ea9-15f1-6c20-3c7d-ecbaaf6d92cf,-25200000,"08/25/2024, 8:01:35 AM",,xtfbSOmziO,
"08/14/2024, 3:01:55 PM",3.000000,com.sec.android.app.shealth,,"08/14/2024, 3:03:08 PM","08/14/2024, 3:01:04 PM",44ba5e06-1e07-316a-72bd-807e587eecd6,-14400000,"08/14/2024, 3:03:08 PM",,xtfbSOmziO,
"08/14/2024, 5:47:28 PM",1.000000,com.sec.android.app.shealth,,"08/14/2024, 5:48:33 PM","08/14/2024, 5:47:06 PM",a8368de9-2bc7-ef71-6169-9021bdd6ff56,-14400000,"08/14/2024, 5:48:32 PM",,xtfbSOmziO,
"08/14/2024, 7:07:25 PM",4.000000,com.sec.android.app.shealth,,"08/14/2024, 7:09:21 PM","08/14/2024, 7:06:32 PM",6c0868e7-8f77-6e81-8861-9bf73d2bb5c3,-14400000,"08/14/2024, 7:09:21 PM",,xtfbSOmziO,
"08/14/2024, 8:13:00 PM",4.000000,com.sec.android.app.shealth,,"08/14/2024, 8:14:08 PM","08/14/2024, 8:12:00 PM",9b4d1769-376a-d5d0-55b5-a139add8ad9a,-14400000,"08/14/2024, 8:14:07 PM",,xtfbSOmziO,
"08/15/2024, 12:50:42 PM",1.000000,com.sec.android.app.shealth,,"08/15/2024, 12:52:18 PM","08/15/2024, 12:50:19 PM",d6c34242-c6c1-674c-3bca-902736ef254a,-14400000,"08/15/2024, 12:52:18 PM",,xtfbSOmziO,
"08/15/2024, 1:27:43 PM",1.000000,com.sec.android.app.shealth,,"08/15/2024, 1:29:06 PM","08/15/2024, 1:27:18 PM",b77744c1-8f36-1f4a-721c-6998d5457cb4,-14400000,"08/15/2024, 1:27:43 PM",,xtfbSOmziO,
"08/15/2024, 8:24:35 PM",1.000000,com.sec.android.app.shealth,,"08/15/2024, 8:24:49 PM","08/15/2024, 8:23:52 PM",89d49b5a-dfcf-d1c3-756c-66e8b7f0a048,-14400000,"08/15/2024, 8:24:49 PM",,xtfbSOmziO,
"08/15/2024, 9:02:02 PM",4.000000,com.sec.android.app.shealth,,"08/15/2024, 9:03:15 PM","08/15/2024, 9:00:43 PM",85dc039a-1dc5-bead-033b-a182a6581d60,-14400000,"08/15/2024, 9:03:15 PM",,xtfbSOmziO,
"08/15/2024, 9:21:59 PM",1.000000,com.sec.android.app.shealth,,"08/15/2024, 9:22:16 PM","08/15/2024, 9:21:49 PM",d7a5e5ef-d3bc-cf8a-adaf-3dc6f61df347,-14400000,"08/15/2024, 9:22:16 PM",,xtfbSOmziO,
"08/13/2024, 7:00:10 PM",1.000000,com.sec.android.app.shealth,,"08/13/2024, 7:00:24 PM","08/13/2024, 7:00:01 PM",79d09501-2105-f1b8-e72a-d7a4d49fccb4,-14400000,"08/13/2024, 7:00:24 PM",,xtfbSOmziO,
"08/13/2024, 7:05:01 PM",1.000000,com.sec.android.app.shealth,,"08/13/2024, 7:05:03 PM","08/13/2024, 7:04:52 PM",c138798a-85d1-7d5d-5ee5-7e25f1d9091e,-14400000,"08/13/2024, 7:05:02 PM",,xtfbSOmziO,
"08/06/2024, 10:17:51 AM",1.000000,com.sec.android.app.shealth,,"08/06/2024, 10:19:08 AM","08/06/2024, 10:17:19 AM",2b034368-cdf4-93b7-a342-7c6c041750ab,-14400000,"08/06/2024, 10:19:08 AM",,xtfbSOmziO,
"08/06/2024, 10:20:07 AM",2.000000,com.sec.android.app.shealth,,"08/06/2024, 10:21:06 AM","08/06/2024, 10:19:17 AM",a33f5d0c-8eaf-28e0-20f2-31479d2594d3,-14400000,"08/06/2024, 10:21:06 AM",,xtfbSOmziO,
"08/06/2024, 10:22:49 AM",3.000000,com.sec.android.app.shealth,,"08/06/2024, 10:22:50 AM","08/06/2024, 10:21:24 AM",9ecdb88e-3b85-d044-bf66-1f755d0497b4,-14400000,"08/06/2024, 10:21:51 AM",,xtfbSOmziO,
"08/06/2024, 10:24:45 AM",1.000000,com.sec.android.app.shealth,,"08/06/2024, 10:24:53 AM","08/06/2024, 10:24:27 AM",8859729e-1889-88a8-6c47-5e0b0ac9d965,-14400000,"08/06/2024, 10:24:53 AM",,xtfbSOmziO,
"08/06/2024, 10:27:20 AM",1.000000,com.sec.android.app.shealth,,"08/06/2024, 10:29:35 AM","08/06/2024, 10:26:49 AM",4eb5050c-97c4-050f-9cb1-9b51876ab6e5,-14400000,"08/06/2024, 10:29:35 AM",,xtfbSOmziO,
"08/06/2024, 10:50:30 AM",4.000000,com.sec.android.app.shealth,,"08/06/2024, 10:51:03 AM","08/06/2024, 10:48:26 AM",0a3c8921-03c9-378d-f35e-93d7f8b911d3,-14400000,"08/06/2024, 10:50:02 AM",,xtfbSOmziO,
"08/06/2024, 10:56:40 AM",2.000000,com.sec.android.app.shealth,,"08/06/2024, 10:58:29 AM","08/06/2024, 10:55:25 AM",6e04de5f-ee77-2ad0-9da6-718539d48fdc,-14400000,"08/06/2024, 10:58:29 AM",,xtfbSOmziO,
"08/06/2024, 11:09:56 AM",1.000000,com.sec.android.app.shealth,,"08/06/2024, 11:10:39 AM","08/06/2024, 11:09:09 AM",4430f24e-9537-d1ab-3e43-72456475edc0,-14400000,"08/06/2024, 11:10:39 AM",,xtfbSOmziO,
"08/06/2024, 12:36:27 PM",1.000000,com.sec.android.app.shealth,,"08/06/2024, 12:39:48 PM","08/06/2024, 12:36:18 PM",2fda81ab-4636-2162-05d5-18501032ae4a,-14400000,"08/06/2024, 12:39:48 PM",,xtfbSOmziO,
"08/06/2024, 1:34:26 PM",1.000000,com.sec.android.app.shealth,,"08/06/2024, 1:50:13 PM","08/06/2024, 1:34:17 PM",62cfc0cd-4551-b798-342e-029c320badc2,-14400000,"08/06/2024, 1:50:13 PM",,xtfbSOmziO,
"08/07/2024, 8:26:04 AM",1.000000,com.sec.android.app.shealth,,"08/07/2024, 8:29:12 AM","08/07/2024, 8:25:52 AM",57b72a3c-c2b8-ff8a-9a30-b66a55ceeede,-14400000,"08/07/2024, 8:29:12 AM",,xtfbSOmziO,
"08/07/2024, 3:57:05 PM",1.000000,com.sec.android.app.shealth,,"08/07/2024, 3:57:15 PM","08/07/2024, 3:56:29 PM",a887836a-ed11-f9e8-60dc-cfcb6a5e66f7,-14400000,"08/07/2024, 3:56:49 PM",,xtfbSOmziO,
"08/07/2024, 3:59:52 PM",2.000000,com.sec.android.app.shealth,,"08/07/2024, 4:00:24 PM","08/07/2024, 3:58:40 PM",22ae5628-343a-5137-74a3-3e74cf1655b1,-14400000,"08/07/2024, 3:59:21 PM",,xtfbSOmziO,
"08/07/2024, 4:05:50 PM",2.000000,com.sec.android.app.shealth,,"08/07/2024, 4:06:21 PM","08/07/2024, 4:04:49 PM",9081f8eb-76e5-189e-c4ad-68ee76cf5047,-14400000,"08/07/2024, 4:06:20 PM",,xtfbSOmziO,
"08/07/2024, 4:20:14 PM",1.000000,com.sec.android.app.shealth,,"08/07/2024, 4:20:53 PM","08/07/2024, 4:19:52 PM",9141180e-d313-084c-a4af-4247bf24c49f,-14400000,"08/07/2024, 4:20:52 PM",,xtfbSOmziO,
"08/09/2024, 4:20:12 PM",1.000000,com.sec.android.app.shealth,,"08/09/2024, 4:20:12 PM","08/09/2024, 4:20:00 PM",76ce02a4-8b1d-f055-01de-0381f1e8d03c,-14400000,"08/09/2024, 4:20:11 PM",,xtfbSOmziO,
"08/09/2024, 4:30:59 PM",1.000000,com.sec.android.app.shealth,,"08/09/2024, 4:31:24 PM","08/09/2024, 4:30:40 PM",349e2097-0070-7e5a-5051-624588d37a70,-14400000,"08/09/2024, 4:31:24 PM",,xtfbSOmziO,
"08/09/2024, 6:04:12 PM",1.000000,com.sec.android.app.shealth,,"08/09/2024, 6:05:34 PM","08/09/2024, 6:04:04 PM",5acd644e-0aa2-ad38-8e9f-b4da9789b681,-14400000,"08/09/2024, 6:05:34 PM",,xtfbSOmziO,
"08/09/2024, 6:32:18 PM",2.000000,com.sec.android.app.shealth,,"08/09/2024, 6:34:38 PM","08/09/2024, 6:32:03 PM",cbc80998-28c3-8b27-bcef-8bc3674f72f5,-14400000,"08/09/2024, 6:32:11 PM",,xtfbSOmziO,
"08/09/2024, 7:27:57 PM",1.000000,com.sec.android.app.shealth,,"08/09/2024, 7:28:33 PM","08/09/2024, 7:27:33 PM",da9c8b5b-279a-4baf-07d4-91ab1ed61434,-14400000,"08/09/2024, 7:28:33 PM",,xtfbSOmziO,
"08/10/2024, 7:32:42 AM",1.000000,com.sec.android.app.shealth,,"08/10/2024, 7:36:05 AM","08/10/2024, 7:32:10 AM",95cafaf8-4e90-76e2-7421-657726701fdc,-14400000,"08/10/2024, 7:36:05 AM",,xtfbSOmziO,
"08/11/2024, 10:46:16 AM",1.000000,com.sec.android.app.shealth,,"08/11/2024, 10:47:19 AM","08/11/2024, 10:45:54 AM",e9ee3a01-9a6d-7fb9-d120-41b7a7adab7a,-14400000,"08/11/2024, 10:47:19 AM",,xtfbSOmziO,
"08/11/2024, 11:37:12 AM",1.000000,com.sec.android.app.shealth,,"08/11/2024, 11:38:42 AM","08/11/2024, 11:37:02 AM",929daa21-6693-fc26-7593-00f3ee554e6e,-14400000,"08/11/2024, 11:38:42 AM",,xtfbSOmziO,
"08/11/2024, 5:01:04 PM",1.000000,com.sec.android.app.shealth,,"08/11/2024, 5:01:05 PM","08/11/2024, 5:00:55 PM",86721ec2-477c-43c8-1322-fb91a4a3d954,-14400000,"08/11/2024, 5:01:02 PM",,xtfbSOmziO,
"08/12/2024, 12:05:27 PM",1.000000,com.sec.android.app.shealth,,"08/12/2024, 12:06:15 PM","08/12/2024, 12:05:02 PM",e1fd8b6a-c01f-a3b9-69fb-b80f7b90df3f,-14400000,"08/12/2024, 12:06:15 PM",,xtfbSOmziO,
"08/13/2024, 11:45:58 AM",1.000000,com.sec.android.app.shealth,,"08/13/2024, 11:47:12 AM","08/13/2024, 11:45:35 AM",bc85a564-d2b9-b0bc-50d9-443f4a5872c5,-14400000,"08/13/2024, 11:47:12 AM",,xtfbSOmziO,
"08/13/2024, 12:20:13 PM",1.000000,com.sec.android.app.shealth,,"08/13/2024, 12:20:43 PM","08/13/2024, 12:19:46 PM",c5538187-a84a-f1de-c79e-eeb02252931d,-14400000,"08/13/2024, 12:20:43 PM",,xtfbSOmziO,
"08/13/2024, 3:01:33 PM",4.000000,com.sec.android.app.shealth,,"08/13/2024, 3:02:56 PM","08/13/2024, 3:00:22 PM",9cac3415-41bd-dd40-171d-53f31bc33cba,-14400000,"08/13/2024, 3:02:56 PM",,xtfbSOmziO,
"08/06/2024, 9:22:15 AM",2.000000,com.sec.android.app.shealth,,"08/06/2024, 9:22:47 AM","08/06/2024, 9:21:24 AM",e6a74bb9-7217-e565-0d6c-d83fe218986b,-14400000,"08/06/2024, 9:22:47 AM",,xtfbSOmziO,
"08/06/2024, 9:28:54 AM",1.000000,com.sec.android.app.shealth,,"08/06/2024, 9:29:22 AM","08/06/2024, 9:28:19 AM",fb7b1f4d-8034-1d51-2820-cf1c82606706,-14400000,"08/06/2024, 9:29:22 AM",,xtfbSOmziO,
"08/06/2024, 9:33:57 AM",2.000000,com.sec.android.app.shealth,,"08/06/2024, 9:34:19 AM","08/06/2024, 9:33:01 AM",d5ea382e-3747-3344-e20b-af17ee4743a5,-14400000,"08/06/2024, 9:34:19 AM",,xtfbSOmziO,
"08/06/2024, 9:38:28 AM",3.000000,com.sec.android.app.shealth,,"08/06/2024, 9:38:41 AM","08/06/2024, 9:36:35 AM",3e58f0ec-d9b3-3cd2-46f1-321e7aeba11a,-14400000,"08/06/2024, 9:38:00 AM",,xtfbSOmziO,
"08/06/2024, 9:47:01 AM",3.000000,com.sec.android.app.shealth,,"08/06/2024, 9:47:37 AM","08/06/2024, 9:45:47 AM",945f5228-a5a9-450b-3681-6391db2f6e99,-14400000,"08/06/2024, 9:47:37 AM",,xtfbSOmziO,
"08/06/2024, 9:51:21 AM",1.000000,com.sec.android.app.shealth,,"08/06/2024, 9:51:47 AM","08/06/2024, 9:50:51 AM",a342a363-c7de-0735-5e88-1968dac8f304,-14400000,"08/06/2024, 9:51:47 AM",,xtfbSOmziO,
"08/05/2024, 9:56:10 AM",2.000000,com.sec.android.app.shealth,,"08/05/2024, 10:00:08 AM","08/05/2024, 9:55:17 AM",90e7b768-50ef-6c0b-6b8e-1c3aa794c5fe,-14400000,"08/05/2024, 10:00:08 AM",,xtfbSOmziO,
"08/05/2024, 9:57:52 AM",1.000000,com.sec.android.app.shealth,,"08/05/2024, 10:00:09 AM","08/05/2024, 9:57:22 AM",ef2a1790-05c2-e218-e0e7-4de187cee040,-14400000,"08/05/2024, 10:00:08 AM",,xtfbSOmziO,
"08/05/2024, 9:59:38 AM",1.000000,com.sec.android.app.shealth,,"08/05/2024, 10:00:09 AM","08/05/2024, 9:58:55 AM",e643b46d-e372-6d35-9404-d6a38a3b3bab,-14400000,"08/05/2024, 10:00:09 AM",,xtfbSOmziO,
"08/05/2024, 10:04:28 AM",1.000000,com.sec.android.app.shealth,,"08/05/2024, 10:07:55 AM","08/05/2024, 10:03:45 AM",6870dacd-9776-4c8d-c3e9-8c6f4907d65e,-14400000,"08/05/2024, 10:07:55 AM",,xtfbSOmziO,
"08/05/2024, 10:12:11 AM",1.000000,com.sec.android.app.shealth,,"08/05/2024, 10:12:27 AM","08/05/2024, 10:11:34 AM",79161796-0d55-2d51-7b8d-e9268bed2ec6,-14400000,"08/05/2024, 10:12:27 AM",,xtfbSOmziO,
"08/05/2024, 10:32:53 AM",1.000000,com.sec.android.app.shealth,,"08/05/2024, 10:33:09 AM","08/05/2024, 10:32:25 AM",01e321ca-073f-7459-7cb9-0ed0a276bfce,-14400000,"08/05/2024, 10:33:09 AM",,xtfbSOmziO,
"08/05/2024, 10:54:08 AM",1.000000,com.sec.android.app.shealth,,"08/05/2024, 10:57:25 AM","08/05/2024, 10:53:31 AM",e4715fde-ea8f-fccc-99f1-ebe556367413,-14400000,"08/05/2024, 10:57:25 AM",,xtfbSOmziO,
"08/05/2024, 10:57:35 AM",1.000000,com.sec.android.app.shealth,,"08/05/2024, 10:58:30 AM","08/05/2024, 10:57:07 AM",36bf0126-5919-f64d-6d63-b701ba888bb6,-14400000,"08/05/2024, 10:58:30 AM",,xtfbSOmziO,
"08/05/2024, 11:00:20 AM",1.000000,com.sec.android.app.shealth,,"08/05/2024, 11:03:04 AM","08/05/2024, 10:59:51 AM",b711e2a7-3699-9197-7c9e-43848c17b433,-14400000,"08/05/2024, 11:03:04 AM",,xtfbSOmziO,
"08/05/2024, 11:03:48 AM",2.000000,com.sec.android.app.shealth,,"08/05/2024, 11:04:03 AM","08/05/2024, 11:02:56 AM",f73e7bc1-5293-e757-bd8f-94ec6a3a355e,-14400000,"08/05/2024, 11:03:35 AM",,xtfbSOmziO,
"08/05/2024, 11:05:45 AM",1.000000,com.sec.android.app.shealth,,"08/05/2024, 11:06:05 AM","08/05/2024, 11:05:09 AM",a712f57d-e41e-6d2c-343a-6d0eddf220f4,-14400000,"08/05/2024, 11:06:05 AM",,xtfbSOmziO,
"08/05/2024, 11:09:23 AM",1.000000,com.sec.android.app.shealth,,"08/05/2024, 11:09:37 AM","08/05/2024, 11:08:44 AM",a4fd5dae-f69c-7951-7b02-602b89328d9e,-14400000,"08/05/2024, 11:09:37 AM",,xtfbSOmziO,
"08/05/2024, 11:12:12 AM",3.000000,com.sec.android.app.shealth,,"08/05/2024, 11:12:13 AM","08/05/2024, 11:10:37 AM",77916f5e-c8a3-7e79-70d1-e5db2433a5f8,-14400000,"08/05/2024, 11:11:55 AM",,xtfbSOmziO,
"08/05/2024, 12:02:19 PM",1.000000,com.sec.android.app.shealth,,"08/05/2024, 12:02:42 PM","08/05/2024, 12:01:49 PM",2c3167b9-8532-9079-4802-5e108758ed0e,-14400000,"08/05/2024, 12:02:42 PM",,xtfbSOmziO,
"08/05/2024, 12:06:10 PM",3.000000,com.sec.android.app.shealth,,"08/05/2024, 12:07:43 PM","08/05/2024, 12:04:16 PM",1f63af6d-9c20-33b3-3b96-7e3b8b79bdd0,-14400000,"08/05/2024, 12:06:07 PM",,xtfbSOmziO,
"08/05/2024, 12:08:54 PM",3.000000,com.sec.android.app.shealth,,"08/05/2024, 12:09:01 PM","08/05/2024, 12:07:40 PM",9d5c84ce-6be4-3df7-246f-43c3273b7f67,-14400000,"08/05/2024, 12:09:01 PM",,xtfbSOmziO,
"08/05/2024, 12:11:47 PM",2.000000,com.sec.android.app.shealth,,"08/05/2024, 12:13:33 PM","08/05/2024, 12:10:12 PM",1da77908-0ae1-3762-d341-7705c3626cb8,-14400000,"08/05/2024, 12:13:33 PM",,xtfbSOmziO,
"08/05/2024, 12:20:22 PM",1.000000,com.sec.android.app.shealth,,"08/05/2024, 12:23:45 PM","08/05/2024, 12:19:45 PM",0cbfa9b8-596f-3de7-bc5a-fce5acebe378,-14400000,"08/05/2024, 12:23:45 PM",,xtfbSOmziO,
"08/05/2024, 12:30:20 PM",1.000000,com.sec.android.app.shealth,,"08/05/2024, 12:30:24 PM","08/05/2024, 12:29:45 PM",b9320044-9b9f-7593-e238-9c4d0b9a318f,-14400000,"08/05/2024, 12:30:24 PM",,xtfbSOmziO,
"08/05/2024, 12:33:26 PM",1.000000,com.sec.android.app.shealth,,"08/05/2024, 12:35:56 PM","08/05/2024, 12:32:40 PM",66e7579a-9211-7bd4-3c63-be806bd9edd6,-14400000,"08/05/2024, 12:35:55 PM",,xtfbSOmziO,
"08/05/2024, 12:37:14 PM",1.000000,com.sec.android.app.shealth,,"08/05/2024, 12:41:40 PM","08/05/2024, 12:36:42 PM",c0282fe5-0118-599b-cd94-135fcba61fd2,-14400000,"08/05/2024, 12:41:40 PM",,xtfbSOmziO,
"08/05/2024, 12:53:05 PM",1.000000,com.sec.android.app.shealth,,"08/05/2024, 12:53:09 PM","08/05/2024, 12:52:53 PM",da5b5cbc-4dd4-409c-dcf2-f56c50a8f8d9,-14400000,"08/05/2024, 12:53:09 PM",,xtfbSOmziO,
"08/05/2024, 1:18:47 PM",1.000000,com.sec.android.app.shealth,,"08/05/2024, 1:19:34 PM","08/05/2024, 1:18:17 PM",c7a9571d-f37a-9313-7212-d322df64e97f,-14400000,"08/05/2024, 1:19:34 PM",,xtfbSOmziO,
"08/05/2024, 2:39:12 PM",1.000000,com.sec.android.app.shealth,,"08/05/2024, 2:39:13 PM","08/05/2024, 2:38:21 PM",76eccb0f-f319-9bb7-fda8-bb8f3f314044,-14400000,"08/05/2024, 2:38:49 PM",,xtfbSOmziO,
"08/06/2024, 8:12:52 AM",1.000000,com.sec.android.app.shealth,,"08/06/2024, 8:21:50 AM","08/06/2024, 8:12:46 AM",ce2ddbe2-7b3b-d633-31f6-0401c1cb794f,-14400000,"08/06/2024, 8:21:50 AM",,xtfbSOmziO,
"08/06/2024, 8:35:13 AM",1.000000,com.sec.android.app.shealth,,"08/06/2024, 8:48:32 AM","08/06/2024, 8:35:03 AM",572f791a-ad44-e060-619d-b14c2ca93773,-14400000,"08/06/2024, 8:48:32 AM",,xtfbSOmziO,
"08/06/2024, 9:08:17 AM",12.000000,com.sec.android.app.shealth,,"08/06/2024, 9:12:01 AM","08/06/2024, 9:05:44 AM",8466c1a7-8d6a-50df-8330-87a3b1797d8f,-14400000,"08/06/2024, 9:12:00 AM",,xtfbSOmziO,
"08/06/2024, 9:16:47 AM",1.000000,com.sec.android.app.shealth,,"08/06/2024, 9:19:20 AM","08/06/2024, 9:16:19 AM",deeff8f0-67e0-6de6-a36b-2e77885b9040,-14400000,"08/06/2024, 9:19:20 AM",,xtfbSOmziO,
"08/06/2024, 9:20:06 AM",3.000000,com.sec.android.app.shealth,,"08/06/2024, 9:20:06 AM","08/06/2024, 9:18:47 AM",6baed1e7-fec0-212b-6426-0a8a4533df38,-14400000,"08/06/2024, 9:19:20 AM",,xtfbSOmziO,
"08/01/2024, 10:34:41 AM",1.000000,com.sec.android.app.shealth,,"08/01/2024, 10:35:54 AM","08/01/2024, 10:34:23 AM",8c939629-3742-2d6e-3796-e51f2c0babf6,-14400000,"08/01/2024, 10:35:54 AM",,xtfbSOmziO,
"08/01/2024, 11:17:38 AM",1.000000,com.sec.android.app.shealth,,"08/01/2024, 11:18:03 AM","08/01/2024, 11:17:11 AM",dffbfdef-58a0-e19d-862d-5795a989fe49,-14400000,"08/01/2024, 11:18:02 AM",,xtfbSOmziO,
"08/01/2024, 12:15:57 PM",1.000000,com.sec.android.app.shealth,,"08/01/2024, 12:18:02 PM","08/01/2024, 12:15:38 PM",236d98b7-a5fd-edfc-357e-882bb8d11fb7,-14400000,"08/01/2024, 12:18:02 PM",,xtfbSOmziO,
"08/02/2024, 1:46:11 PM",1.000000,com.sec.android.app.shealth,,"08/02/2024, 1:52:16 PM","08/02/2024, 1:46:02 PM",537098ac-196a-46a9-eb91-a4835ede2ff8,-14400000,"08/02/2024, 1:52:16 PM",,xtfbSOmziO,
"08/02/2024, 2:03:09 PM",1.000000,com.sec.android.app.shealth,,"08/02/2024, 2:03:18 PM","08/02/2024, 2:02:56 PM",2b4bb62c-17ac-3505-0f86-c45bc29a874b,-14400000,"08/02/2024, 2:03:18 PM",,xtfbSOmziO,
"08/02/2024, 3:35:45 PM",1.000000,com.sec.android.app.shealth,,"08/02/2024, 3:36:18 PM","08/02/2024, 3:35:29 PM",de6da8bb-f2ab-9c71-00c2-ea4a9d9392ff,-14400000,"08/02/2024, 3:36:18 PM",,xtfbSOmziO,
"08/02/2024, 7:08:41 PM",1.000000,com.sec.android.app.shealth,,"08/02/2024, 7:13:22 PM","08/02/2024, 7:08:29 PM",1c902d3e-2efc-9df5-a742-d1848ee1da48,-14400000,"08/02/2024, 7:13:22 PM",,xtfbSOmziO,
"08/02/2024, 7:36:38 PM",2.000000,com.sec.android.app.shealth,,"08/02/2024, 7:36:46 PM","08/02/2024, 7:35:31 PM",f1d9dbed-86a9-4e2e-80a4-8eea5b271a84,-14400000,"08/02/2024, 7:36:46 PM",,xtfbSOmziO,
"08/02/2024, 8:28:03 PM",3.000000,com.sec.android.app.shealth,,"08/02/2024, 8:35:37 PM","08/02/2024, 8:27:15 PM",3428bf62-f8e1-6272-cdc4-816a035ff8ea,-14400000,"08/02/2024, 8:27:33 PM",,xtfbSOmziO,
"08/02/2024, 9:32:28 PM",1.000000,com.sec.android.app.shealth,,"08/02/2024, 9:37:21 PM","08/02/2024, 9:32:05 PM",d173b31e-461b-32a3-7525-dbc0c0df90de,-14400000,"08/02/2024, 9:37:21 PM",,xtfbSOmziO,
"08/03/2024, 12:13:08 PM",1.000000,com.sec.android.app.shealth,,"08/03/2024, 12:15:29 PM","08/03/2024, 12:12:59 PM",422af7e7-ee67-cc12-b959-87508f62a72d,-14400000,"08/03/2024, 12:15:29 PM",,xtfbSOmziO,
"08/04/2024, 2:06:09 PM",1.000000,com.sec.android.app.shealth,,"08/04/2024, 2:06:54 PM","08/04/2024, 2:05:59 PM",90455aa6-8781-9c08-9e47-9fb7f594f67b,-14400000,"08/04/2024, 2:06:53 PM",,xtfbSOmziO,
"08/04/2024, 3:22:39 PM",1.000000,com.sec.android.app.shealth,,"08/04/2024, 3:26:18 PM","08/04/2024, 3:22:28 PM",047c0191-5085-c1fd-e7f1-00265f88675c,-14400000,"08/04/2024, 3:26:18 PM",,xtfbSOmziO,
"08/05/2024, 9:07:04 AM",1.000000,com.sec.android.app.shealth,,"08/05/2024, 9:15:39 AM","08/05/2024, 9:06:55 AM",61966c2a-6505-ee0f-f81f-4d638bf65cf8,-14400000,"08/05/2024, 9:15:39 AM",,xtfbSOmziO,
"08/05/2024, 9:10:36 AM",1.000000,com.sec.android.app.shealth,,"08/05/2024, 9:15:39 AM","08/05/2024, 9:10:27 AM",51a0f6f9-dfc1-5c66-d1ad-44f520c26bdc,-14400000,"08/05/2024, 9:15:39 AM",,xtfbSOmziO,
"08/05/2024, 9:19:55 AM",4.000000,com.sec.android.app.shealth,,"08/05/2024, 9:25:10 AM","08/05/2024, 9:18:54 AM",f1177e0a-0608-b896-c64f-40e6c897c630,-14400000,"08/05/2024, 9:25:09 AM",,xtfbSOmziO,
"08/05/2024, 9:27:19 AM",1.000000,com.sec.android.app.shealth,,"08/05/2024, 9:29:46 AM","08/05/2024, 9:27:05 AM",239edda4-04ce-aaa7-a8e9-7178a945f178,-14400000,"08/05/2024, 9:29:46 AM",,xtfbSOmziO,
"08/05/2024, 9:29:35 AM",4.000000,com.sec.android.app.shealth,,"08/05/2024, 9:29:46 AM","08/05/2024, 9:28:31 AM",8525e67c-1ae4-c3c6-4399-e993f195691a,-14400000,"08/05/2024, 9:29:46 AM",,xtfbSOmziO,
"08/28/2024, 4:24:36 PM",1.000000,com.sec.android.app.shealth,,"08/28/2024, 4:26:36 PM","08/28/2024, 4:24:27 PM",426b41b2-2986-25f0-25be-8117f975c26e,-25200000,"08/28/2024, 4:26:36 PM",,xtfbSOmziO,
"08/28/2024, 4:40:45 PM",1.000000,com.sec.android.app.shealth,,"08/28/2024, 4:40:45 PM","08/28/2024, 4:40:32 PM",8df2d28f-79e7-47a4-581e-bdf60fc1bda5,-25200000,"08/28/2024, 4:40:45 PM",,xtfbSOmziO,
"08/28/2024, 4:55:17 PM",3.000000,com.sec.android.app.shealth,,"08/28/2024, 4:56:09 PM","08/28/2024, 4:53:41 PM",10ba6ae0-f57e-e75c-b6bf-38971fc68006,-25200000,"08/28/2024, 4:56:08 PM",,xtfbSOmziO,
"08/28/2024, 6:29:25 PM",4.000000,com.sec.android.app.shealth,,"08/28/2024, 6:30:57 PM","08/28/2024, 6:28:52 PM",960b1d81-6a49-cc8e-5c99-3b72c92efb55,-25200000,"08/28/2024, 6:30:57 PM",,xtfbSOmziO,
"08/30/2024, 8:30:48 AM",1.000000,com.sec.android.app.shealth,,"08/30/2024, 8:43:16 AM","08/30/2024, 8:30:39 AM",ab646f2a-5abb-39c0-8b5a-ec0f7c248f17,-25200000,"08/30/2024, 8:43:16 AM",,xtfbSOmziO,
"08/30/2024, 3:08:18 PM",1.000000,com.sec.android.app.shealth,,"08/30/2024, 3:08:40 PM","08/30/2024, 3:07:43 PM",db6e1230-261e-2e26-9356-e32ca4a440fd,-25200000,"08/30/2024, 3:08:40 PM",,xtfbSOmziO,
"08/30/2024, 5:12:52 PM",1.000000,com.sec.android.app.shealth,,"08/30/2024, 5:13:39 PM","08/30/2024, 5:12:30 PM",9e6f7a06-69d7-bd19-084c-b52394ade4d9,-25200000,"08/30/2024, 5:13:39 PM",,xtfbSOmziO,
"08/30/2024, 6:36:16 PM",4.000000,com.sec.android.app.shealth,,"08/30/2024, 6:38:38 PM","08/30/2024, 6:35:24 PM",edd97fe3-9f59-f8b9-3230-274f3c453ae2,-25200000,"08/30/2024, 6:35:42 PM",,xtfbSOmziO,
"08/31/2024, 9:01:54 AM",1.000000,com.sec.android.app.shealth,,"08/31/2024, 9:03:10 AM","08/31/2024, 9:01:44 AM",10230bff-4d0c-8aa2-9629-ea8173355a80,-25200000,"08/31/2024, 9:03:10 AM",,xtfbSOmziO,
"08/31/2024, 9:09:58 AM",2.000000,com.sec.android.app.shealth,,"08/31/2024, 9:10:37 AM","08/31/2024, 9:09:35 AM",72bc4883-7d50-c6fb-be2e-67025fe43f86,-25200000,"08/31/2024, 9:10:37 AM",,xtfbSOmziO,
"08/31/2024, 10:13:10 AM",4.000000,com.sec.android.app.shealth,,"08/31/2024, 10:14:46 AM","08/31/2024, 10:12:16 AM",0c93f692-998c-029b-84f2-191969e86424,-25200000,"08/31/2024, 10:14:46 AM",,xtfbSOmziO,
"09/01/2024, 11:44:32 AM",1.000000,com.sec.android.app.shealth,,"09/01/2024, 11:48:53 AM","09/01/2024, 11:44:19 AM",ec5cb82a-f34e-0dde-a5d6-7f5c1126d721,-25200000,"09/01/2024, 11:48:53 AM",,xtfbSOmziO,
"09/01/2024, 11:53:54 AM",3.000000,com.sec.android.app.shealth,,"09/01/2024, 11:56:34 AM","09/01/2024, 11:53:27 AM",ee55e034-e14c-9418-a909-107f07d8ccc0,-25200000,"09/01/2024, 11:56:34 AM",,xtfbSOmziO,
"09/01/2024, 12:31:46 PM",27.000000,com.sec.android.app.shealth,,"09/01/2024, 12:31:59 PM","09/01/2024, 12:23:29 PM",d07d6ac8-2b3c-d551-8e06-5e3d111022e6,-25200000,"09/01/2024, 12:26:59 PM",,xtfbSOmziO,
"09/01/2024, 12:35:17 PM",2.000000,com.sec.android.app.shealth,,"09/01/2024, 12:35:47 PM","09/01/2024, 12:33:43 PM",85d6045e-8724-990a-bdcb-b40036e17411,-25200000,"09/01/2024, 12:35:47 PM",,xtfbSOmziO,
"09/01/2024, 12:39:44 PM",7.000000,com.sec.android.app.shealth,,"09/01/2024, 12:40:33 PM","09/01/2024, 12:37:12 PM",6607daec-42d5-94c5-e229-825ac1e3bc90,-25200000,"09/01/2024, 12:39:34 PM",,xtfbSOmziO,
"09/01/2024, 12:50:22 PM",17.000000,com.sec.android.app.shealth,,"09/01/2024, 12:50:59 PM","09/01/2024, 12:44:47 PM",404d0888-a429-8609-f392-c5f09010bec5,-25200000,"09/01/2024, 12:48:20 PM",,xtfbSOmziO,
"09/01/2024, 12:54:53 PM",2.000000,com.sec.android.app.shealth,,"09/01/2024, 12:55:06 PM","09/01/2024, 12:54:05 PM",6e1c63d0-7a27-6d65-8a97-0544df4d34e2,-25200000,"09/01/2024, 12:55:06 PM",,xtfbSOmziO,
"09/01/2024, 1:20:32 PM",16.000000,com.sec.android.app.shealth,,"09/01/2024, 1:20:43 PM","09/01/2024, 1:12:56 PM",98627dc0-60e8-0eab-5069-c4695ba9cfce,-25200000,"09/01/2024, 1:13:41 PM",,xtfbSOmziO,
"09/01/2024, 2:12:32 PM",4.000000,com.sec.android.app.shealth,,"09/01/2024, 2:15:01 PM","09/01/2024, 2:11:32 PM",e71dd97c-9c3d-e5a2-9534-990f3d9963eb,-25200000,"09/01/2024, 2:15:01 PM",,xtfbSOmziO,
"09/03/2024, 7:12:59 AM",1.000000,com.sec.android.app.shealth,,"09/03/2024, 7:17:20 AM","09/03/2024, 7:12:32 AM",18542ab1-9cf4-f87f-6d19-97bdf3cd12ea,-25200000,"09/03/2024, 7:17:20 AM",,xtfbSOmziO,
"09/03/2024, 11:38:26 AM",1.000000,com.sec.android.app.shealth,,"09/03/2024, 11:39:03 AM","09/03/2024, 11:38:04 AM",198981e8-4927-5215-8a65-893e34de3d1a,-25200000,"09/03/2024, 11:39:03 AM",,xtfbSOmziO,
"09/03/2024, 2:44:52 PM",1.000000,com.sec.android.app.shealth,,"09/03/2024, 2:46:40 PM","09/03/2024, 2:44:43 PM",e95ec85a-6f97-780f-2b52-6acbea291b71,-25200000,"09/03/2024, 2:46:40 PM",,xtfbSOmziO,
"10/31/2024, 2:19:50 PM",1.000000,com.sec.android.app.shealth,,"10/31/2024, 2:22:40 PM","10/31/2024, 2:19:41 PM",969a9e04-b63e-3a14-8e95-74f8c352b5a0,-25200000,"10/31/2024, 2:22:40 PM",,xtfbSOmziO,
"10/31/2024, 5:15:27 PM",1.000000,com.sec.android.app.shealth,,"10/31/2024, 5:17:21 PM","10/31/2024, 5:15:04 PM",ba5c4478-e087-a0fb-fedc-2acd7fe49064,-25200000,"10/31/2024, 5:17:21 PM",,xtfbSOmziO,
"10/31/2024, 6:50:25 PM",4.000000,com.sec.android.app.shealth,,"10/31/2024, 6:51:34 PM","10/31/2024, 6:49:21 PM",d006e2fd-d748-72f7-822f-06791e8fd935,-25200000,"10/31/2024, 6:51:34 PM",,xtfbSOmziO,
"11/01/2024, 2:18:34 PM",3.000000,com.sec.android.app.shealth,,"11/01/2024, 2:18:39 PM","11/01/2024, 2:17:54 PM",3d2cf725-1d51-fed0-a5cb-e47488239b9d,-25200000,"11/01/2024, 2:18:15 PM",,xtfbSOmziO,
"11/01/2024, 3:16:21 PM",4.000000,com.sec.android.app.shealth,,"11/01/2024, 3:16:57 PM","11/01/2024, 3:15:26 PM",000b8b9c-c347-32e2-3e7e-9070d9ed5524,-25200000,"11/01/2024, 3:16:56 PM",,xtfbSOmziO,
"11/01/2024, 4:21:35 PM",1.000000,com.sec.android.app.shealth,,"11/01/2024, 4:26:53 PM","11/01/2024, 4:21:04 PM",a2d3ac0b-4f54-a506-92e4-9eadf283f1e8,-25200000,"11/01/2024, 4:26:53 PM",,xtfbSOmziO,
"11/01/2024, 4:25:04 PM",5.000000,com.sec.android.app.shealth,,"11/01/2024, 4:26:53 PM","11/01/2024, 4:24:06 PM",7e743ac1-0fcc-ebf5-a7e7-fc8f1aac9815,-25200000,"11/01/2024, 4:26:53 PM",,xtfbSOmziO,
"11/01/2024, 4:36:42 PM",24.000000,com.sec.android.app.shealth,,"11/01/2024, 4:37:13 PM","11/01/2024, 4:27:40 PM",bc60a471-c014-0191-8e85-63ab6280c918,-25200000,"11/01/2024, 4:29:53 PM",,xtfbSOmziO,
"11/01/2024, 4:40:22 PM",8.000000,com.sec.android.app.shealth,,"11/01/2024, 4:41:03 PM","11/01/2024, 4:38:31 PM",05c03da2-db3e-2464-a620-fb48c859dc91,-25200000,"11/01/2024, 4:39:37 PM",,xtfbSOmziO,
"11/01/2024, 4:42:20 PM",2.000000,com.sec.android.app.shealth,,"11/01/2024, 4:42:46 PM","11/01/2024, 4:41:25 PM",2dc62b4f-ef78-01c3-c2cf-4e9dc62da723,-25200000,"11/01/2024, 4:42:02 PM",,xtfbSOmziO,
"11/01/2024, 4:53:21 PM",33.000000,com.sec.android.app.shealth,,"11/01/2024, 4:53:32 PM","11/01/2024, 4:43:52 PM",fb151b97-7f74-38e1-aaee-3aa605ce7579,-25200000,"11/01/2024, 4:45:56 PM",,xtfbSOmziO,
"11/01/2024, 5:37:54 PM",1.000000,com.sec.android.app.shealth,,"11/01/2024, 5:38:38 PM","11/01/2024, 5:37:44 PM",e07195fb-18be-9513-bc8f-6d1523c9502f,-25200000,"11/01/2024, 5:38:38 PM",,xtfbSOmziO,
"11/01/2024, 6:05:53 PM",4.000000,com.sec.android.app.shealth,,"11/01/2024, 6:08:35 PM","11/01/2024, 6:05:03 PM",084635b6-7521-47c6-bd61-e7e5a2828a61,-25200000,"11/01/2024, 6:05:17 PM",,xtfbSOmziO,
"11/02/2024, 9:33:25 AM",5.000000,com.sec.android.app.shealth,,"11/02/2024, 9:33:29 AM","11/02/2024, 9:31:34 AM",c6d353d2-43a8-cc8f-0e58-f70325c2187b,-25200000,"11/02/2024, 9:33:29 AM",,xtfbSOmziO,
"11/02/2024, 9:44:22 AM",30.000000,com.sec.android.app.shealth,,"11/02/2024, 9:46:06 AM","11/02/2024, 9:37:01 AM",180bac38-bdbc-b42c-2cbf-c6076b67a7a8,-25200000,"11/02/2024, 9:41:03 AM",,xtfbSOmziO,
"11/02/2024, 9:48:40 AM",7.000000,com.sec.android.app.shealth,,"11/02/2024, 9:49:49 AM","11/02/2024, 9:46:01 AM",38e4f9c2-23f0-1735-7427-b65f68fbf229,-25200000,"11/02/2024, 9:46:38 AM",,xtfbSOmziO,
"11/02/2024, 10:10:41 AM",62.000000,com.sec.android.app.shealth,,"11/02/2024, 10:11:08 AM","11/02/2024, 9:50:49 AM",84287f48-8921-2576-04fe-3bc7d8b3ff5d,-25200000,"11/02/2024, 9:52:42 AM",,xtfbSOmziO,
"11/02/2024, 10:13:35 AM",1.000000,com.sec.android.app.shealth,,"11/02/2024, 10:13:40 AM","11/02/2024, 10:13:00 AM",4dfc5b37-51b2-5080-1f69-0e733ddf069e,-25200000,"11/02/2024, 10:13:40 AM",,xtfbSOmziO,
"11/02/2024, 10:17:14 AM",3.000000,com.sec.android.app.shealth,,"11/02/2024, 10:17:57 AM","11/02/2024, 10:14:36 AM",b1389e15-cfd8-ce7c-d744-fdc2f0440b07,-25200000,"11/02/2024, 10:17:13 AM",,xtfbSOmziO,
"11/02/2024, 10:19:40 AM",3.000000,com.sec.android.app.shealth,,"11/02/2024, 10:19:47 AM","11/02/2024, 10:18:33 AM",039cb6f8-1614-d2af-2dc7-ace65ffa879b,-25200000,"11/02/2024, 10:19:27 AM",,xtfbSOmziO,
"11/02/2024, 10:24:24 AM",10.000000,com.sec.android.app.shealth,,"11/02/2024, 10:25:24 AM","11/02/2024, 10:21:08 AM",409b342f-e7a6-b2af-f512-14ef79480564,-25200000,"11/02/2024, 10:21:39 AM",,xtfbSOmziO,
"11/02/2024, 10:28:25 AM",6.000000,com.sec.android.app.shealth,,"11/02/2024, 10:30:40 AM","11/02/2024, 10:26:20 AM",4a30e348-d9bf-e964-6f89-62725ae99af8,-25200000,"11/02/2024, 10:27:28 AM",,xtfbSOmziO,
"11/02/2024, 10:31:38 AM",4.000000,com.sec.android.app.shealth,,"11/02/2024, 10:33:50 AM","11/02/2024, 10:29:35 AM",ee838349-bc06-90c2-ff22-75b0d2d69055,-25200000,"11/02/2024, 10:30:40 AM",,xtfbSOmziO,
"11/02/2024, 10:34:32 AM",1.000000,com.sec.android.app.shealth,,"11/02/2024, 10:35:56 AM","11/02/2024, 10:34:04 AM",600070fa-d039-4624-a336-1c3a73221d29,-25200000,"11/02/2024, 10:35:56 AM",,xtfbSOmziO,
"11/02/2024, 10:37:42 AM",1.000000,com.sec.android.app.shealth,,"11/02/2024, 10:39:46 AM","11/02/2024, 10:37:03 AM",d062ebc3-7a5f-bd4f-c513-3eb8777cdabf,-25200000,"11/02/2024, 10:39:45 AM",,xtfbSOmziO,
"11/02/2024, 10:42:12 AM",5.000000,com.sec.android.app.shealth,,"11/02/2024, 10:47:16 AM","11/02/2024, 10:38:57 AM",54e706a4-4790-79d4-4f24-f6f56cbf5c61,-25200000,"11/02/2024, 10:39:46 AM",,xtfbSOmziO,
"11/02/2024, 10:59:16 AM",1.000000,com.sec.android.app.shealth,,"11/02/2024, 11:00:04 AM","11/02/2024, 10:58:53 AM",f6f16fa4-432f-37d4-b92b-a8357c4f9ec1,-25200000,"11/02/2024, 11:00:03 AM",,xtfbSOmziO,
"11/02/2024, 11:58:40 AM",2.000000,com.sec.android.app.shealth,,"11/02/2024, 12:01:08 PM","11/02/2024, 11:56:59 AM",db5e7f19-5226-fb7a-e893-9cae76347185,-25200000,"11/02/2024, 12:01:07 PM",,xtfbSOmziO,
"11/02/2024, 12:07:57 PM",1.000000,com.sec.android.app.shealth,,"11/02/2024, 12:11:44 PM","11/02/2024, 12:07:29 PM",d355a8c9-3662-d740-382b-25bf4315dbfa,-25200000,"11/02/2024, 12:11:44 PM",,xtfbSOmziO,
"11/02/2024, 12:28:45 PM",1.000000,com.sec.android.app.shealth,,"11/02/2024, 12:51:11 PM","11/02/2024, 12:28:36 PM",322ab714-9d2a-27a6-8f08-78915eb0ba6b,-25200000,"11/02/2024, 12:51:11 PM",,xtfbSOmziO,
"11/02/2024, 5:58:33 PM",1.000000,com.sec.android.app.shealth,,"11/02/2024, 5:59:34 PM","11/02/2024, 5:58:08 PM",2d461ec5-84b2-11e5-544e-ecbae57f19de,-25200000,"11/02/2024, 5:59:34 PM",,xtfbSOmziO,
"11/03/2024, 11:20:06 AM",4.000000,com.sec.android.app.shealth,,"11/03/2024, 11:21:05 AM","11/03/2024, 11:18:59 AM",004f3678-ec79-503c-ccfb-bbd96d18ac18,-28800000,"11/03/2024, 11:21:05 AM",,xtfbSOmziO,
"11/03/2024, 2:21:33 PM",4.000000,com.sec.android.app.shealth,,"11/03/2024, 2:22:51 PM","11/03/2024, 2:20:44 PM",bbaf294b-82a3-1816-cd6a-1c9417edd290,-28800000,"11/03/2024, 2:21:13 PM",,xtfbSOmziO,
"11/04/2024, 10:38:42 AM",1.000000,com.sec.android.app.shealth,,"11/04/2024, 10:40:47 AM","11/04/2024, 10:38:32 AM",1d9e826e-5960-7e05-6cad-cf294833f726,-28800000,"11/04/2024, 10:40:47 AM",,xtfbSOmziO,
"11/04/2024, 11:11:28 AM",2.000000,com.sec.android.app.shealth,,"11/04/2024, 11:12:10 AM","11/04/2024, 11:11:05 AM",54d1ee1c-dfc9-9ced-83e4-f8311772eb65,-28800000,"11/04/2024, 11:12:10 AM",,xtfbSOmziO,
"11/05/2024, 3:06:05 PM",1.000000,com.sec.android.app.shealth,,"11/05/2024, 3:07:14 PM","11/05/2024, 3:05:45 PM",9888377d-4f0a-9e7e-5ab9-5bc6ebd19bff,-28800000,"11/05/2024, 3:07:14 PM",,xtfbSOmziO,
"11/06/2024, 12:36:38 PM",1.000000,com.sec.android.app.shealth,,"11/06/2024, 12:37:52 PM","11/06/2024, 12:36:30 PM",322a51bf-f062-cce1-13c7-29412128132b,-28800000,"11/06/2024, 12:37:52 PM",,xtfbSOmziO,
"11/06/2024, 12:57:05 PM",2.000000,com.sec.android.app.shealth,,"11/06/2024, 12:57:48 PM","11/06/2024, 12:56:29 PM",348fc5bc-6bf2-3883-6048-2657882fca2d,-28800000,"11/06/2024, 12:57:47 PM",,xtfbSOmziO,
"11/06/2024, 1:48:40 PM",1.000000,com.sec.android.app.shealth,,"11/06/2024, 1:49:57 PM","11/06/2024, 1:48:31 PM",6f0b66f8-b458-7891-69cd-d5e097070c1a,-28800000,"11/06/2024, 1:49:57 PM",,xtfbSOmziO,
"11/06/2024, 4:42:12 PM",1.000000,com.sec.android.app.shealth,,"11/06/2024, 4:44:34 PM","11/06/2024, 4:42:03 PM",91064ad4-3823-2077-d363-b9f509c700f8,-28800000,"11/06/2024, 4:44:34 PM",,xtfbSOmziO,
"11/06/2024, 4:47:53 PM",1.000000,com.sec.android.app.shealth,,"11/06/2024, 4:48:26 PM","11/06/2024, 4:47:33 PM",c82b4752-17e1-c5e3-b729-e6f099c4bdff,-28800000,"11/06/2024, 4:48:26 PM",,xtfbSOmziO,
"11/06/2024, 6:21:36 PM",4.000000,com.sec.android.app.shealth,,"11/06/2024, 6:22:38 PM","11/06/2024, 6:20:52 PM",cdbcb610-cea5-5061-1534-5bdf50d2977e,-28800000,"11/06/2024, 6:21:28 PM",,xtfbSOmziO,
"10/29/2024, 5:42:31 PM",1.000000,com.sec.android.app.shealth,,"10/29/2024, 5:46:15 PM","10/29/2024, 5:42:15 PM",349f6fad-a0ba-aa0d-4b86-dc23ef0dd138,-25200000,"10/29/2024, 5:46:15 PM",,xtfbSOmziO,
"10/29/2024, 6:01:43 PM",1.000000,com.sec.android.app.shealth,,"10/29/2024, 6:06:06 PM","10/29/2024, 6:01:07 PM",e6fb55f2-ca3a-3110-6c6c-cfeefe707157,-25200000,"10/29/2024, 6:06:06 PM",,xtfbSOmziO,
"10/29/2024, 6:07:09 PM",2.000000,com.sec.android.app.shealth,,"10/29/2024, 6:08:20 PM","10/29/2024, 6:06:13 PM",cec2aec0-e8da-6f3a-b31f-a5991f5f5ce5,-25200000,"10/29/2024, 6:08:20 PM",,xtfbSOmziO,
"10/30/2024, 4:49:18 PM",2.000000,com.sec.android.app.shealth,,"10/30/2024, 4:54:17 PM","10/30/2024, 4:48:05 PM",92229898-00b7-4973-a608-c39e2b3e1c59,-25200000,"10/30/2024, 4:54:17 PM",,xtfbSOmziO,
"10/30/2024, 6:27:24 PM",3.000000,com.sec.android.app.shealth,,"10/30/2024, 6:27:27 PM","10/30/2024, 6:26:56 PM",4b4948e5-3e5b-edbe-890f-7afe7aca74c2,-25200000,"10/30/2024, 6:27:18 PM",,xtfbSOmziO,
"10/29/2024, 3:28:38 PM",4.000000,com.sec.android.app.shealth,,"10/29/2024, 3:29:44 PM","10/29/2024, 3:27:40 PM",b0fbf83c-f27f-978f-b377-0e2b946e011b,-25200000,"10/29/2024, 3:29:44 PM",,xtfbSOmziO,
"10/23/2024, 7:13:13 PM",1.000000,com.sec.android.app.shealth,,"10/23/2024, 7:15:00 PM","10/23/2024, 7:12:58 PM",7d3bca5c-d530-de3d-af52-4b6074d8b1b0,-25200000,"10/23/2024, 7:15:00 PM",,xtfbSOmziO,
"10/23/2024, 7:35:11 PM",1.000000,com.sec.android.app.shealth,,"10/23/2024, 7:46:48 PM","10/23/2024, 7:35:02 PM",7f15a64f-395c-137c-2f69-2b73086db1f3,-25200000,"10/23/2024, 7:46:48 PM",,xtfbSOmziO,
"10/23/2024, 8:18:57 PM",4.000000,com.sec.android.app.shealth,,"10/23/2024, 8:19:45 PM","10/23/2024, 8:18:04 PM",1282640d-6da7-005f-fc4a-6d213c016629,-25200000,"10/23/2024, 8:19:45 PM",,xtfbSOmziO,
"10/24/2024, 11:40:16 AM",1.000000,com.sec.android.app.shealth,,"10/24/2024, 11:49:04 AM","10/24/2024, 11:39:58 AM",46534019-d6dc-a4b1-1544-199b551dee75,-25200000,"10/24/2024, 11:49:04 AM",,xtfbSOmziO,
"10/24/2024, 11:42:36 AM",3.000000,com.sec.android.app.shealth,,"10/24/2024, 11:49:04 AM","10/24/2024, 11:42:09 AM",4c6f3047-bc69-dc58-f4f8-40660167bb1e,-25200000,"10/24/2024, 11:49:04 AM",,xtfbSOmziO,
"10/24/2024, 11:47:55 AM",1.000000,com.sec.android.app.shealth,,"10/24/2024, 11:49:04 AM","10/24/2024, 11:47:24 AM",daf4dd0f-5af1-5c66-64cd-2a76be119a1d,-25200000,"10/24/2024, 11:49:04 AM",,xtfbSOmziO,
"10/24/2024, 3:28:14 PM",1.000000,com.sec.android.app.shealth,,"10/24/2024, 3:28:46 PM","10/24/2024, 3:27:44 PM",fe0f0a31-554d-d09f-daa3-5fc23e3b8c16,-25200000,"10/24/2024, 3:28:46 PM",,xtfbSOmziO,
"10/24/2024, 7:46:18 PM",4.000000,com.sec.android.app.shealth,,"10/24/2024, 7:46:25 PM","10/24/2024, 7:45:23 PM",c76b9f7b-08e7-cef4-b30b-9f41f8406ef4,-25200000,"10/24/2024, 7:46:25 PM",,xtfbSOmziO,
"10/24/2024, 8:19:24 PM",4.000000,com.sec.android.app.shealth,,"10/24/2024, 8:20:45 PM","10/24/2024, 8:18:28 PM",9680908f-4513-fc6d-070d-22e28402135c,-25200000,"10/24/2024, 8:20:45 PM",,xtfbSOmziO,
"10/25/2024, 6:15:08 PM",2.000000,com.sec.android.app.shealth,,"10/25/2024, 6:15:24 PM","10/25/2024, 6:14:42 PM",9eb517f3-2219-c17a-2ce7-d96b72f1a039,-25200000,"10/25/2024, 6:15:24 PM",,xtfbSOmziO,
"10/25/2024, 6:24:32 PM",1.000000,com.sec.android.app.shealth,,"10/25/2024, 6:49:00 PM","10/25/2024, 6:24:20 PM",bf93938f-2f24-5f24-c033-767d25076daf,-25200000,"10/25/2024, 6:49:00 PM",,xtfbSOmziO,
"10/25/2024, 7:19:37 PM",4.000000,com.sec.android.app.shealth,,"10/25/2024, 7:20:53 PM","10/25/2024, 7:18:46 PM",0abf6f2e-2bf3-25f4-3660-046b791b48d0,-25200000,"10/25/2024, 7:20:53 PM",,xtfbSOmziO,
"10/26/2024, 11:38:22 AM",1.000000,com.sec.android.app.shealth,,"10/26/2024, 11:38:38 AM","10/26/2024, 11:38:04 AM",8b790701-fe77-f1d0-88ee-2da9e79cdde3,-25200000,"10/26/2024, 11:38:38 AM",,xtfbSOmziO,
"10/26/2024, 1:06:02 PM",1.000000,com.sec.android.app.shealth,,"10/26/2024, 1:09:27 PM","10/26/2024, 1:05:54 PM",7716e664-f300-3b5a-27cb-90eb4813b6b3,-25200000,"10/26/2024, 1:09:27 PM",,xtfbSOmziO,
"10/26/2024, 1:10:39 PM",4.000000,com.sec.android.app.shealth,,"10/26/2024, 1:11:55 PM","10/26/2024, 1:09:50 PM",7ff45d43-de93-0dc2-7dae-69fde0fed115,-25200000,"10/26/2024, 1:11:55 PM",,xtfbSOmziO,
"10/26/2024, 1:14:50 PM",4.000000,com.sec.android.app.shealth,,"10/26/2024, 1:15:43 PM","10/26/2024, 1:13:59 PM",5d7fa1e0-8bde-a14b-1e5b-d5979aed3419,-25200000,"10/26/2024, 1:15:43 PM",,xtfbSOmziO,
"10/26/2024, 1:22:44 PM",4.000000,com.sec.android.app.shealth,,"10/26/2024, 1:23:38 PM","10/26/2024, 1:21:50 PM",07a7f4ac-0d83-c2dc-fd94-e28e1e1be6b7,-25200000,"10/26/2024, 1:23:38 PM",,xtfbSOmziO,
"10/28/2024, 3:41:17 PM",1.000000,com.sec.android.app.shealth,,"10/28/2024, 3:43:55 PM","10/28/2024, 3:40:54 PM",50a88150-159e-f882-daa6-a3dae157f719,-25200000,"10/28/2024, 3:43:55 PM",,xtfbSOmziO,
"10/28/2024, 6:20:41 PM",1.000000,com.sec.android.app.shealth,,"10/28/2024, 6:24:12 PM","10/28/2024, 6:20:12 PM",ef60b056-73b0-31e6-6d22-a08835b8277f,-25200000,"10/28/2024, 6:24:12 PM",,xtfbSOmziO,
"10/28/2024, 7:24:28 PM",1.000000,com.sec.android.app.shealth,,"10/28/2024, 7:25:29 PM","10/28/2024, 7:24:09 PM",f7c19467-78ec-d1c2-9cb4-404f06c33e52,-25200000,"10/28/2024, 7:25:29 PM",,xtfbSOmziO,
"10/28/2024, 8:51:13 PM",1.000000,com.sec.android.app.shealth,,"10/28/2024, 8:52:24 PM","10/28/2024, 8:51:05 PM",4119ef40-6f1d-6a3a-809a-25cdf49b6772,-25200000,"10/28/2024, 8:52:24 PM",,xtfbSOmziO,
"10/28/2024, 9:00:53 PM",4.000000,com.sec.android.app.shealth,,"10/28/2024, 9:02:13 PM","10/28/2024, 8:59:53 PM",da479582-528d-c617-7a69-7737a4019425,-25200000,"10/28/2024, 9:00:29 PM",,xtfbSOmziO,
"10/19/2024, 8:16:31 AM",4.000000,com.sec.android.app.shealth,,"10/19/2024, 8:16:31 AM","10/19/2024, 8:16:31 AM",841beb22-ef0f-aa19-18d4-29c3674b8d99,-25200000,"10/19/2024, 8:16:31 AM",,xtfbSOmziO,
"10/19/2024, 10:44:42 AM",4.000000,com.sec.android.app.shealth,,"10/19/2024, 10:45:18 AM","10/19/2024, 10:43:46 AM",c67fd4f5-c0b6-13e8-47eb-65b8e67edcf0,-25200000,"10/19/2024, 10:44:17 AM",,xtfbSOmziO,
"10/20/2024, 10:29:03 AM",10.000000,com.sec.android.app.shealth,,"10/20/2024, 10:29:24 AM","10/20/2024, 10:25:53 AM",d4155403-69ae-9ac3-0de2-4f9838e6562b,-25200000,"10/20/2024, 10:27:16 AM",,xtfbSOmziO,
"10/20/2024, 10:31:42 AM",1.000000,com.sec.android.app.shealth,,"10/20/2024, 10:35:42 AM","10/20/2024, 10:31:19 AM",6966b80f-91f2-8beb-4a66-917036c14e87,-25200000,"10/20/2024, 10:35:42 AM",,xtfbSOmziO,
"10/20/2024, 10:35:36 AM",3.000000,com.sec.android.app.shealth,,"10/20/2024, 10:35:42 AM","10/20/2024, 10:34:23 AM",5ae603c0-ac09-0da0-361e-d4b939c2b9df,-25200000,"10/20/2024, 10:35:42 AM",,xtfbSOmziO,
"10/20/2024, 10:41:40 AM",1.000000,com.sec.android.app.shealth,,"10/20/2024, 10:41:52 AM","10/20/2024, 10:41:21 AM",76977cd6-04ab-73c4-65ef-96b87dc5e0d4,-25200000,"10/20/2024, 10:41:52 AM",,xtfbSOmziO,
"10/20/2024, 10:44:11 AM",1.000000,com.sec.android.app.shealth,,"10/20/2024, 10:46:11 AM","10/20/2024, 10:43:35 AM",da5a3e83-d848-3254-3191-5b50ecaea347,-25200000,"10/20/2024, 10:46:11 AM",,xtfbSOmziO,
"10/20/2024, 10:46:52 AM",2.000000,com.sec.android.app.shealth,,"10/20/2024, 10:47:41 AM","10/20/2024, 10:46:11 AM",4347fabe-7547-a0a9-d500-9bcdc49264d9,-25200000,"10/20/2024, 10:47:41 AM",,xtfbSOmziO,
"10/20/2024, 11:01:05 AM",26.000000,com.sec.android.app.shealth,,"10/20/2024, 11:01:14 AM","10/20/2024, 10:53:00 AM",f7e07ca3-b77f-171b-9c8b-d9cfc0eb082c,-25200000,"10/20/2024, 10:53:30 AM",,xtfbSOmziO,
"10/20/2024, 11:03:05 AM",1.000000,com.sec.android.app.shealth,,"10/20/2024, 11:03:57 AM","10/20/2024, 11:02:26 AM",ac00d927-55d5-38ff-a988-e3086958dccf,-25200000,"10/20/2024, 11:03:57 AM",,xtfbSOmziO,
"10/20/2024, 11:24:05 AM",3.000000,com.sec.android.app.shealth,,"10/20/2024, 11:27:45 AM","10/20/2024, 11:23:09 AM",9d1ab754-ba07-ea80-4dbe-2ad0a010e655,-25200000,"10/20/2024, 11:27:45 AM",,xtfbSOmziO,
"10/20/2024, 11:26:45 AM",3.000000,com.sec.android.app.shealth,,"10/20/2024, 11:27:45 AM","10/20/2024, 11:25:53 AM",50d2590e-a7d8-dbfc-f18e-02c8cc00ee22,-25200000,"10/20/2024, 11:27:45 AM",,xtfbSOmziO,
"10/20/2024, 11:31:46 AM",3.000000,com.sec.android.app.shealth,,"10/20/2024, 11:37:29 AM","10/20/2024, 11:30:44 AM",c8fbaab4-2798-fe64-d4a2-1ba9e602f168,-25200000,"10/20/2024, 11:37:29 AM",,xtfbSOmziO,
"10/20/2024, 11:41:58 AM",1.000000,com.sec.android.app.shealth,,"10/20/2024, 11:42:51 AM","10/20/2024, 11:41:21 AM",55ae8f1b-da8c-1f80-f964-aaee692d9cf0,-25200000,"10/20/2024, 11:42:51 AM",,xtfbSOmziO,
"10/20/2024, 11:46:09 AM",3.000000,com.sec.android.app.shealth,,"10/20/2024, 11:47:33 AM","10/20/2024, 11:45:05 AM",9156ac14-d6ae-7151-37c9-d6baef00d465,-25200000,"10/20/2024, 11:47:33 AM",,xtfbSOmziO,
"10/20/2024, 11:48:43 AM",1.000000,com.sec.android.app.shealth,,"10/20/2024, 11:49:10 AM","10/20/2024, 11:48:12 AM",05858778-bbde-adf5-d423-3c344b9ec5af,-25200000,"10/20/2024, 11:49:10 AM",,xtfbSOmziO,
"10/20/2024, 11:54:36 AM",1.000000,com.sec.android.app.shealth,,"10/20/2024, 12:02:29 PM","10/20/2024, 11:54:08 AM",65211078-01e6-3c86-e8c1-47f612d34db2,-25200000,"10/20/2024, 12:02:29 PM",,xtfbSOmziO,
"10/20/2024, 11:56:45 AM",1.000000,com.sec.android.app.shealth,,"10/20/2024, 12:02:29 PM","10/20/2024, 11:56:05 AM",f917857c-51c7-3f87-96af-8bba4593fb43,-25200000,"10/20/2024, 12:02:29 PM",,xtfbSOmziO,
"10/20/2024, 12:01:32 PM",4.000000,com.sec.android.app.shealth,,"10/20/2024, 12:02:29 PM","10/20/2024, 12:00:06 PM",5c3642a6-5bc0-89c0-7d2a-4745efa85a9b,-25200000,"10/20/2024, 12:02:29 PM",,xtfbSOmziO,
"10/20/2024, 12:19:34 PM",56.000000,com.sec.android.app.shealth,,"10/20/2024, 12:20:12 PM","10/20/2024, 12:03:00 PM",a6e695b7-c730-1fc7-4f13-0d300c353e0d,-25200000,"10/20/2024, 12:05:59 PM",,xtfbSOmziO,
"10/20/2024, 12:28:53 PM",1.000000,com.sec.android.app.shealth,,"10/20/2024, 12:39:00 PM","10/20/2024, 12:28:11 PM",5cc30661-2187-8559-3531-03d7d9d3e860,-25200000,"10/20/2024, 12:39:00 PM",,xtfbSOmziO,
"10/20/2024, 1:36:16 PM",4.000000,com.sec.android.app.shealth,,"10/20/2024, 1:37:27 PM","10/20/2024, 1:35:21 PM",b6d232ef-0f13-8003-6e76-262a771c0b23,-25200000,"10/20/2024, 1:37:27 PM",,xtfbSOmziO,
"10/21/2024, 7:32:57 PM",2.000000,com.sec.android.app.shealth,,"10/21/2024, 7:33:20 PM","10/21/2024, 7:32:51 PM",4e9e4ba2-9590-b790-42e9-0267b2dbe1e6,-25200000,"10/21/2024, 7:33:20 PM",,xtfbSOmziO,
"10/21/2024, 7:41:23 PM",1.000000,com.sec.android.app.shealth,,"10/21/2024, 7:41:53 PM","10/21/2024, 7:40:58 PM",56b120b2-5f02-e75f-75d3-110bd8f4907b,-25200000,"10/21/2024, 7:41:53 PM",,xtfbSOmziO,
"10/22/2024, 6:34:51 PM",1.000000,com.sec.android.app.shealth,,"10/22/2024, 6:43:29 PM","10/22/2024, 6:34:40 PM",52eab43c-e8bb-db69-d667-6f5a9fc0621c,-25200000,"10/22/2024, 6:43:29 PM",,xtfbSOmziO,
"10/22/2024, 6:54:22 PM",2.000000,com.sec.android.app.shealth,,"10/22/2024, 6:55:34 PM","10/22/2024, 6:53:30 PM",77a6e7cc-9cac-ec51-d0f5-54cd7cd53805,-25200000,"10/22/2024, 6:55:33 PM",,xtfbSOmziO,
"10/22/2024, 8:34:28 PM",4.000000,com.sec.android.app.shealth,,"10/22/2024, 8:36:29 PM","10/22/2024, 8:33:39 PM",4aeb00c3-543f-3e44-7336-de4dc9d60fe1,-25200000,"10/22/2024, 8:34:06 PM",,xtfbSOmziO,
"10/12/2024, 7:40:08 PM",1.000000,com.sec.android.app.shealth,,"10/12/2024, 7:41:32 PM","10/12/2024, 7:39:58 PM",9695fe17-22fd-5e56-8561-8badc4281e12,-25200000,"10/12/2024, 7:41:32 PM",,xtfbSOmziO,
"10/13/2024, 5:15:49 PM",1.000000,com.sec.android.app.shealth,,"10/13/2024, 5:16:47 PM","10/13/2024, 5:15:22 PM",b53e7330-4808-fb7c-23bf-9ddcf84acd5f,-25200000,"10/13/2024, 5:16:47 PM",,xtfbSOmziO,
"10/15/2024, 1:17:22 PM",1.000000,com.sec.android.app.shealth,,"10/15/2024, 1:18:28 PM","10/15/2024, 1:17:09 PM",37caffee-0446-f083-f9bf-a0372ceae5ed,-25200000,"10/15/2024, 1:18:28 PM",,xtfbSOmziO,
"10/15/2024, 6:31:13 PM",1.000000,com.sec.android.app.shealth,,"10/15/2024, 6:32:05 PM","10/15/2024, 6:30:46 PM",652f8316-9e0a-3f88-677c-06e662176e0c,-25200000,"10/15/2024, 6:32:05 PM",,xtfbSOmziO,
"10/17/2024, 1:19:24 PM",3.000000,com.sec.android.app.shealth,,"10/17/2024, 1:22:02 PM","10/17/2024, 1:18:43 PM",d347a31b-f3c3-9fcf-a7eb-43c5056acb26,-25200000,"10/17/2024, 1:22:02 PM",,xtfbSOmziO,
"10/17/2024, 1:21:20 PM",1.000000,com.sec.android.app.shealth,,"10/17/2024, 1:22:02 PM","10/17/2024, 1:21:07 PM",2e916966-8f18-9c0e-3819-1eb07712ecfb,-25200000,"10/17/2024, 1:22:02 PM",,xtfbSOmziO,
"10/17/2024, 1:25:55 PM",1.000000,com.sec.android.app.shealth,,"10/17/2024, 1:28:34 PM","10/17/2024, 1:25:26 PM",340b5ead-d25e-f055-ba93-656c8ef44eb3,-25200000,"10/17/2024, 1:28:34 PM",,xtfbSOmziO,
"10/17/2024, 6:46:36 PM",4.000000,com.sec.android.app.shealth,,"10/17/2024, 6:47:52 PM","10/17/2024, 6:45:38 PM",6ebb095f-6524-439f-ddf8-6e3805ee9e85,-25200000,"10/17/2024, 6:47:52 PM",,xtfbSOmziO,
"10/17/2024, 7:40:50 PM",1.000000,com.sec.android.app.shealth,,"10/17/2024, 7:43:57 PM","10/17/2024, 7:40:28 PM",909d7c91-c85f-ef92-e3d5-06b1075a5cbc,-25200000,"10/17/2024, 7:43:57 PM",,xtfbSOmziO,
"10/08/2024, 2:51:38 PM",1.000000,com.sec.android.app.shealth,,"10/08/2024, 2:51:42 PM","10/08/2024, 2:51:21 PM",3e0bf71a-0a49-de1d-3551-ce47093a7299,-25200000,"10/08/2024, 2:51:42 PM",,xtfbSOmziO,
"10/08/2024, 6:40:16 PM",1.000000,com.sec.android.app.shealth,,"10/08/2024, 6:40:49 PM","10/08/2024, 6:39:50 PM",47da6586-5f51-042f-f13d-f044d1658407,-25200000,"10/08/2024, 6:40:49 PM",,xtfbSOmziO,
"10/08/2024, 8:40:32 PM",4.000000,com.sec.android.app.shealth,,"10/08/2024, 8:41:54 PM","10/08/2024, 8:39:38 PM",8d7f3892-2a7a-ba22-359c-96c8382ec7e7,-25200000,"10/08/2024, 8:41:54 PM",,xtfbSOmziO,
"10/09/2024, 3:54:35 PM",4.000000,com.sec.android.app.shealth,,"10/09/2024, 3:54:49 PM","10/09/2024, 3:53:32 PM",7a57c555-525c-aa18-1944-273bc43157e5,-25200000,"10/09/2024, 3:54:49 PM",,xtfbSOmziO,
"10/09/2024, 4:47:36 PM",1.000000,com.sec.android.app.shealth,,"10/09/2024, 4:47:36 PM","10/09/2024, 4:47:16 PM",5566428b-6af5-285e-8fa7-7e1f6b7afa70,-25200000,"10/09/2024, 4:47:36 PM",,xtfbSOmziO,
"10/09/2024, 6:21:02 PM",1.000000,com.sec.android.app.shealth,,"10/09/2024, 6:25:21 PM","10/09/2024, 6:20:50 PM",bca169ef-3e6f-b6eb-8a40-05166f36bcc0,-25200000,"10/09/2024, 6:25:21 PM",,xtfbSOmziO,
"10/09/2024, 6:27:34 PM",4.000000,com.sec.android.app.shealth,,"10/09/2024, 6:29:22 PM","10/09/2024, 6:26:42 PM",542add6e-95ee-37c8-37ed-cef5bdeac079,-25200000,"10/09/2024, 6:29:22 PM",,xtfbSOmziO,
"10/12/2024, 1:04:18 PM",1.000000,com.sec.android.app.shealth,,"10/12/2024, 1:05:06 PM","10/12/2024, 1:03:56 PM",395fe267-03cf-5bed-abe9-f3bd4f406c9c,-25200000,"10/12/2024, 1:05:06 PM",,xtfbSOmziO,

